{"west": {"1": {"rating": 0.961498, "name": "Wisconsin", "seed": 1, "round6": 0.0953566066852, "round4": 0.326062567578, "round5": 0.146973576296, "round2": 0.858415404845, "round3": 0.632155311144, "round1": 0.98533937085}, "2": {"rating": 0.967408, "name": "Arizona", "seed": 2, "round6": 0.0951532490254, "round4": 0.460469055523, "round5": 0.169202903681, "round2": 0.823330995448, "round3": 0.699834029202, "round1": 0.993212617177}, "3": {"rating": 0.903813, "name": "Baylor", "seed": 3, "round6": 0.00411963458888, "round4": 0.0473867674645, "round5": 0.010567211166, "round2": 0.470699187674, "round3": 0.125192800898, "round1": 0.758454213021}, "4": {"rating": 0.901882, "name": "North Carolina", "seed": 4, "round6": 0.0119749698031, "round4": 0.0818217848256, "round5": 0.024558490245, "round2": 0.638372298534, "round3": 0.229908428881, "round1": 0.868066821461}, "5": {"rating": 0.841594, "name": "Arkansas", "seed": 5, "round6": 0.0013963996918, "round4": 0.0194100355828, "round5": 0.00388674191714, "round2": 0.27281289565, "round3": 0.0721096879296, "round1": 0.760941357071}, "6": {"rating": 0.851793, "name": "Xavier", "seed": 6, "round6": 0.00104496920288, "round4": 0.0119917902875, "round5": 0.00267117997782, "round2": 0.259201878323, "round3": 0.0448519225174, "round1": 0.561466312318}, "7": {"rating": 0.839998, "name": "VCU", "seed": 7, "round6": 0.000341691818175, "round4": 0.00552130749759, "round5": 0.00101345391944, "round2": 0.0466869068103, "round3": 0.0215619169896, "round1": 0.363931963147}, "8": {"rating": 0.797249, "name": "Oregon", "seed": 8, "round6": 0.000130080133522, "round4": 0.00463682181724, "round5": 0.000550173888887, "round2": 0.045799075556, "round3": 0.0192270220493, "round1": 0.406109460658}, "9": {"rating": 0.814084, "name": "Oklahoma St.", "seed": 9, "round6": 0.000381150818804, "round4": 0.00834484564964, "round5": 0.00129580842197, "round2": 0.0928975800898, "round3": 0.0370000657065, "round1": 0.593890539342}, "10": {"rating": 0.868025, "name": "Ohio St.", "seed": 10, "round6": 0.0033270995448, "round4": 0.0260415424225, "round5": 0.00721354462952, "round2": 0.129316481557, "round3": 0.0745887581922, "round1": 0.636068036853}, "11": {"rating": 0.839548, "name": "BYU", "seed": 11, "round6": 0.0, "round4": 0.0, "round5": 0.0, "round2": 0.0, "round3": 0.0, "round1": 0.0}, "12": {"rating": 0.661733, "name": "Wofford", "seed": 12, "round6": 5.17468696025e-06, "round4": 0.000342725977323, "round5": 2.89160032669e-05, "round2": 0.0405471838166, "round3": 0.00347307535692, "round1": 0.239058642929}, "13": {"rating": 0.705859, "name": "Harvard", "seed": 13, "round6": 1.74309650756e-05, "round4": 0.000762239824732, "round5": 8.0642105787e-05, "round2": 0.0482676219992, "round3": 0.00575229233807, "round1": 0.131933178539}, "14": {"rating": 0.734432, "name": "Georgia St.", "seed": 14, "round6": 3.00944664212e-05, "round4": 0.00122521690622, "round5": 0.000134878044853, "round2": 0.090394421929, "round3": 0.00800982767564, "round1": 0.241545786979}, "15": {"rating": 0.411073, "name": "Texas Southern", "seed": 15, "round6": 1.19097401458e-08, "round4": 5.00378186289e-06, "round5": 1.55991786138e-07, "round2": 0.000665616185434, "round3": 8.89158628965e-05, "round1": 0.0067873828228}, "16": {"rating": 0.537123, "name": "Coast. Car.", "seed": 16, "round6": 1.55629577914e-07, "round4": 2.39417978651e-05, "round5": 1.27786486441e-06, "round2": 0.00288793950914, "round3": 0.000374116594834, "round1": 0.0146606291499}}, "east": {"1": {"rating": 0.957101, "name": "Villanova", "seed": 1, "round6": 0.107628715578, "round4": 0.45355433804, "round5": 0.282004969489, "round2": 0.838685080463, "round3": 0.698769418226, "round1": 0.984937649869}, "2": {"rating": 0.958719, "name": "Virginia", "seed": 2, "round6": 0.0757861299154, "round4": 0.289915694603, "round5": 0.187233750806, "round2": 0.744548755339, "round3": 0.543645599889, "round1": 0.965239535933}, "3": {"rating": 0.915002, "name": "Oklahoma", "seed": 3, "round6": 0.0100352942502, "round4": 0.0793587724824, "round5": 0.0379056499095, "round2": 0.581081373124, "round3": 0.213794044007, "round1": 0.90189781321}, "4": {"rating": 0.875558, "name": "Louisville", "seed": 4, "round6": 0.00425520353639, "round4": 0.0386994285549, "round5": 0.0173836849909, "round2": 0.414170735043, "round3": 0.10704723073, "round1": 0.754857085264}, "5": {"rating": 0.908038, "name": "Northern Iowa", "seed": 5, "round6": 0.00281485804243, "round4": 0.0340251566606, "round5": 0.0135031280689, "round2": 0.42529225224, "round3": 0.1009746575, "round1": 0.752684555768}, "6": {"rating": 0.845836, "name": "Providence", "seed": 6, "round6": 0.00123676535868, "round4": 0.0210584125457, "round5": 0.00717145604218, "round2": 0.212030757826, "round3": 0.0658127168637, "round1": 0.526302213586}, "7": {"rating": 0.878567, "name": "Michigan St.", "seed": 7, "round6": 0.0055128092968, "round4": 0.0402038383782, "round5": 0.0198441461795, "round2": 0.183437080352, "round3": 0.10503787456, "round1": 0.647403101063}, "8": {"rating": 0.811134, "name": "North Carolina St.", "seed": 8, "round6": 0.00110787018668, "round4": 0.0178179655637, "round5": 0.00622222562771, "round2": 0.103767703376, "round3": 0.055196223874, "round1": 0.586285390231}, "9": {"rating": 0.800599, "name": "LSU", "seed": 9, "round6": 0.000333507522779, "round4": 0.00666504473305, "round5": 0.00210773023718, "round2": 0.0549055231562, "round3": 0.0252424405797, "round1": 0.413714609769}, "10": {"rating": 0.817751, "name": "Georgia", "seed": 10, "round6": 0.000357777351252, "round4": 0.00618292025638, "round5": 0.00208651502794, "round2": 0.0654934602518, "round3": 0.0256130214668, "round1": 0.352596898937}, "11": {"rating": 0.809125, "name": "Boise St.", "seed": 11, "round6": 4.02018080559e-05, "round4": 0.00107373102112, "round5": 0.0002961671877, "round2": 0.0284687119808, "round3": 0.00525422872516, "round1": 0.0969617992331}, "12": {"rating": 0.637277, "name": "Wyoming", "seed": 12, "round6": 1.20878230903e-05, "round4": 0.000910040992343, "round5": 0.000155844563447, "round2": 0.0827307269499, "round3": 0.00673705329164, "round1": 0.247315444232}, "13": {"rating": 0.655936, "name": "UC Irvine", "seed": 13, "round6": 6.82317063448e-06, "round4": 0.000651348626355, "round5": 9.97248420542e-05, "round2": 0.0778062857676, "round3": 0.00548319927773, "round1": 0.245142914736}, "14": {"rating": 0.568562, "name": "Albany", "seed": 14, "round6": 2.84366024264e-06, "round4": 0.000336238454145, "round5": 4.64372519701e-05, "round2": 0.021049231303, "round3": 0.00245665517405, "round1": 0.0981021867898}, "15": {"rating": 0.536296, "name": "Belmont", "seed": 15, "round6": 1.72140184318e-06, "round4": 0.000127898788062, "round5": 2.19456400318e-05, "round2": 0.00652070405717, "round3": 0.00119777656981, "round1": 0.034760464067}, "16": {"rating": 0.428496, "name": "Lafayette", "seed": 16, "round6": 1.90410587427e-07, "round4": 5.26349636384e-05, "round5": 4.83476211687e-06, "round2": 0.00264169300421, "round3": 0.000549776520533, "round1": 0.0150623501314}}, "midwest": {"1": {"rating": 0.978741, "name": "Kentucky", "seed": 1, "round6": 0.408065129661, "round4": 0.726219797306, "round5": 0.531003153175, "round2": 0.940661149973, "round3": 0.856053511599, "round1": 0.998980696218}, "2": {"rating": 0.911139, "name": "Kansas", "seed": 2, "round6": 0.0145437444572, "round4": 0.0738193848171, "round5": 0.0305583975941, "round2": 0.569521670262, "round3": 0.31533025067, "round1": 0.906659008791}, "3": {"rating": 0.912696, "name": "Notre Dame", "seed": 3, "round6": 0.0142133603988, "round4": 0.073558071768, "round5": 0.0301299447478, "round2": 0.565706816044, "round3": 0.309706973761, "round1": 0.899272913857}, "4": {"rating": 0.828921, "name": "Maryland", "seed": 4, "round6": 0.00192218065639, "round4": 0.0205562156065, "round5": 0.00567704312126, "round2": 0.385208420337, "round3": 0.0467916056406, "round1": 0.724672878302}, "5": {"rating": 0.85386,