{"west": {"1": {"rating": 0.961498, "name": "Wisconsin", "seed": 1, "round6": 0.0951428280416, "round4": 0.325005253313, "round5": 0.14686306011, "round2": 0.857781050953, "round3": 0.630826889234, "round1": 0.985241681854}, "2": {"rating": 0.967408, "name": "Arizona", "seed": 2, "round6": 0.095349780307, "round4": 0.458903090625, "round5": 0.169561279925, "round2": 0.823463619588, "round3": 0.696405059433, "round1": 0.993212617177}, "3": {"rating": 0.903813, "name": "Baylor", "seed": 3, "round6": 0.0041535585572, "round4": 0.0475954486811, "round5": 0.0106722837452, "round2": 0.473043357965, "round3": 0.125625854175, "round1": 0.757095535169}, "4": {"rating": 0.901882, "name": "North Carolina", "seed": 4, "round6": 0.0120657346406, "round4": 0.0819783992437, "round5": 0.0247532644461, "round2": 0.63765811332, "round3": 0.230312995033, "round1": 0.86809628883}, "5": {"rating": 0.841594, "name": "Arkansas", "seed": 5, "round6": 0.00142964636402, "round4": 0.0196404078493, "round5": 0.00397272416429, "round2": 0.273810230488, "round3": 0.072815886081, "round1": 0.761814115451}, "6": {"rating": 0.851793, "name": "Xavier", "seed": 6, "round6": 0.00105618681115, "round4": 0.0121516859551, "round5": 0.00271222617154, "round2": 0.264803189838, "round3": 0.0455599201925, "round1": 0.575695334911}, "7": {"rating": 0.839998, "name": "VCU", "seed": 7, "round6": 0.000334340690218, "round4": 0.00537683317879, "round5": 0.000993136149366, "round2": 0.0463714857145, "round3": 0.0209753355522, "round1": 0.362927784624}, "8": {"rating": 0.797249, "name": "Oregon", "seed": 8, "round6": 0.000131725176009, "round4": 0.0046539912952, "round5": 0.000557323989775, "round2": 0.0460299632624, "round3": 0.0193103328342, "round1": 0.406162942243}, "9": {"rating": 0.814084, "name": "Oklahoma St.", "seed": 9, "round6": 0.000385063016625, "round4": 0.00836435069402, "round5": 0.00130965198145, "round2": 0.0932826113407, "round3": 0.0371216376987, "round1": 0.593837057757}, "10": {"rating": 0.868025, "name": "Ohio St.", "seed": 10, "round6": 0.00331836294323, "round4": 0.0257833501566, "round5": 0.00719273281874, "round2": 0.129498237117, "round3": 0.0736272264032, "round1": 0.637072215376}, "11": {"rating": 0.839548, "name": "BYU", "seed": 11, "round6": 0.000195028581073, "round4": 0.00420760835398, "round5": 0.0006590996664, "round2": 0.0619884395089, "round3": 0.0131727534705, "round1": 0.169717094717}, "12": {"rating": 0.661733, "name": "Wofford", "seed": 12, "round6": 5.21333762216e-06, "round4": 0.000341699674529, "round5": 2.91332871632e-05, "round2": 0.0404001179749, "round3": 0.00347624824473, "round1": 0.238185884549}, "13": {"rating": 0.705859, "name": "Harvard", "seed": 13, "round6": 1.75712169742e-05, "round4": 0.000761170153335, "round5": 8.13099675935e-05, "round2": 0.0481315382172, "round3": 0.00576012631615, "round1": 0.13190371117}, "14": {"rating": 0.734432, "name": "Georgia St.", "seed": 14, "round6": 3.14116879161e-05, "round4": 0.00126304750325, "round5": 0.000140632990499, "round2": 0.0924027233711, "round3": 0.00821291011904, "round1": 0.242904464831}, "15": {"rating": 0.411073, "name": "Texas Southern", "seed": 15, "round6": 1.17215371274e-08, "round4": 4.84817511893e-06, "round5": 1.53318920253e-07, "round2": 0.000666657580486, "round3": 8.56937211628e-05, "round1": 0.0067873828228}, "16": {"rating": 0.537123, "name": "Coast. Car.", "seed": 16, "round6": 1.57281354132e-07, "round4": 2.39111485077e-05, "round5": 1.29133462697e-06, "round2": 0.00290637444394, "round3": 0.000375884558871, "round1": 0.014758318146}}, "east": {"1": {"rating": 0.957101, "name": "Villanova", "seed": 1, "round6": 0.108081086365, "round4": 0.453593537937, "round5": 0.282055448061, "round2": 0.83872531352, "round3": 0.698831521841, "round1": 0.984948128171}, "2": {"rating": 0.958719, "name": "Virginia", "seed": 2, "round6": 0.0760082293603, "round4": 0.289638790632, "round5": 0.187067637338, "round2": 0.743892729809, "round3": 0.543151221128, "round1": 0.965228939506}, "3": {"rating": 0.915002, "name": "Oklahoma", "seed": 3, "round6": 0.0100765126835, "round4": 0.0792806726322, "round5": 0.0378717968342, "round2": 0.580737454913, "round3": 0.213597758216, "round1": 0.90189781321}, "4": {"rating": 0.875558, "name": "Louisville", "seed": 4, "round6": 0.00427563465816, "round4": 0.038685084264, "round5": 0.0173779671736, "round2": 0.414168947132, "round3": 0.107027332699, "round1": 0.754857085264}, "5": {"rating": 0.908038, "name": "Northern Iowa", "seed": 5, "round6": 0.00282937826311, "round4": 0.0340105160269, "round5": 0.0134980223759, "round2": 0.425269241608, "round3": 0.10095080671, "round1": 0.752640985804}, "6": {"rating": 0.845836, "name": "Providence", "seed": 6, "round6": 0.00124236603167, "round4": 0.0210206932139, "round5": 0.00715989650362, "round2": 0.211725159685, "round3": 0.0656956283033, "round1": 0.525497624121}, "7": {"rating": 0.878567, "name": "Michigan St.", "seed": 7, "round6": 0.00560824931611, "round4": 0.040534903371, "round5": 0.020043767036, "round2": 0.184282925243, "round3": 0.105687187842, "round1": 0.648428051645}, "8": {"rating": 0.811134, "name": "North Carolina St.", "seed": 8, "round6": 0.00111401178425, "round4": 0.0178104321044, "round5": 0.00621994011539, "round2": 0.103743887687, "round3": 0.0551842462381, "round1": 0.586285390231}, "9": {"rating": 0.800599, "name": "LSU", "seed": 9, "round6": 0.000335429012992, "round4": 0.00666178249287, "round5": 0.00210683071266, "round2": 0.0548914166432, "round3": 0.0252363233558, "round1": 0.413714609769}, "10": {"rating": 0.817751, "name": "Georgia", "seed": 10, "round6": 0.000359113871011, "round4": 0.00616629907947, "round5": 0.002081367514, "round2": 0.0653184975885, "round3": 0.0255432309669, "round1": 0.351571948355}, "11": {"rating": 0.809125, "name": "Boise St.", "seed": 11, "round6": 4.03609104036e-05, "round4": 0.00107042233893, "round5": 0.00029533375627, "round2": 0.0283928937913, "round3": 0.00523771108112, "round1": 0.0966888913447}, "12": {"rating": 0.637277, "name": "Wyoming", "seed": 12, "round6": 1.21869193217e-05, "round4": 0.000910081703558, "round5": 0.000155890419965, "round2": 0.0827565683066, "round3": 0.00673882883997, "round1": 0.247359014196}, "13": {"rating": 0.655936, "name": "UC Irvine", "seed": 13, "round6": 6.87351804453e-06, "round4": 0.000650897023639, "round5": 9.96655676499e-05, "round2": 0.0778052429533, "round3": 0.00548172240226, "round1": 0.245142914736}, "14": {"rating": 0.568562, "name": "Albany", "seed": 14, "round6": 2.86186609373e-06, "round4": 0.000335509475731, "round5": 4.63474533207e-05, "round2": 0.0210210460082, "round3": 0.00245141425829, "round1": 0.0981021867898}, "15": {"rating": 0.536296, "name": "Belmont", "seed": 15, "round6": 1.73207273134e-06, "round4": 0.000127617104569, "round5": 2.1905634732e-05, "round2": 0.00650584735921, "round3": 0.00119495293091, "round1": 0.0347710604942}, "16": {"rating": 0.428496, "name": "Lafayette", "seed": 16, "round6": 1.91758385142e-07, "round4": 5.25465444157e-05, "round5": 4.82634066141e-06, "round2": 0.00263938215046, "round3": 0.000549217913626, "round1": 0.0150518718295}}, "midwest": {"1": {"rating": 0.978741, "name": "Kentucky", "seed": 1, "round6": 0.405875296405, "round4": 0.72300998873, "round5": 0.528665370009, "round2": 0.937546675458, "round3": 0.852838351494, "round1": 0.995996345}, "2": {"rating": 0.911139, "name": "Kansas", "seed": 2, "round6": 0.0146951175966, "round4": 0.0744959962091, "round5": 0.0308989791532, "round2": 0.569521670262, "round3": 0.31535071894, "round1": 0.906659008791}, "3": {"rating": 0.912696, "name": "Notre Dame", "seed": 3, "round6": 0.0143520274893, "round4": 0.074197698462, "round5": 0.0304489914837, "round2": 0.56566001617, "round3": 0.309652336147, "round1": 0.899272913857}, "4": {"rating": 0.828921, "name": "Maryland", "seed": 4, "round6": 0.00195270001962, "round4": 0.0208791473587, "round5": 0.00577719929876, "round2": 0.385231229897, "round3": 0.047578416723,