{"west": {"1": {"rating": 0.961498, "name": "Wisconsin", "seed": 1, "round6": 0.079625481297, "round4": 0.279483593955, "round5": 0.120305180571, "round2": 1.0, "round3": 0.69390661084, "round1": 1.0}, "2": {"rating": 0.967408, "name": "Arizona", "seed": 2, "round6": 0.144991308907, "round4": 0.601622663836, "round5": 0.233488787846, "round2": 1.0, "round3": 0.868555037078, "round1": 1.0}, "3": {"rating": 0.903813, "name": "Baylor", "seed": 3, "round6": 0.0, "round4": 0.0, "round5": 0.0, "round2": 0.0, "round3": 0.0, "round1": 0.0}, "4": {"rating": 0.901882, "name": "North Carolina", "seed": 4, "round6": 0.010935591671, "round4": 0.0770946786217, "round5": 0.0217016759526, "round2": 1.0, "round3": 0.30609338916, "round1": 1.0}, "5": {"rating": 0.841594, "name": "Arkansas", "seed": 5, "round6": 0.0, "round4": 0.0, "round5": 0.0, "round2": 0.0, "round3": 0.0, "round1": 1.0}, "6": {"rating": 0.851793, "name": "Xavier", "seed": 6, "round6": 0.00515171143595, "round4": 0.0417990635876, "round5": 0.0107607745121, "round2": 1.0, "round3": 0.131444962922, "round1": 1.0}, "7": {"rating": 0.839998, "name": "VCU", "seed": 7, "round6": 0.0, "round4": 0.0, "round5": 0.0, "round2": 0.0, "round3": 0.0, "round1": 0.0}, "8": {"rating": 0.797249, "name": "Oregon", "seed": 8, "round6": 0.0, "round4": 0.0, "round5": 0.0, "round2": 0.0, "round3": 0.0, "round1": 1.0}, "9": {"rating": 0.814084, "name": "Oklahoma St.", "seed": 9, "round6": 0.0, "round4": 0.0, "round5": 0.0, "round2": 0.0, "round3": 0.0, "round1": 0.0}, "10": {"rating": 0.868025, "name": "Ohio St.", "seed": 10, "round6": 0.0, "round4": 0.0, "round5": 0.0, "round2": 0.0, "round3": 0.0, "round1": 1.0}, "11": {"rating": 0.799554, "name": "Mississippi", "seed": 11, "round6": 0.0, "round4": 0.0, "round5": 0.0, "round2": 0.0, "round3": 0.0, "round1": 0.0}, "12": {"rating": 0.661733, "name": "Wofford", "seed": 12, "round6": 0.0, "round4": 0.0, "round5": 0.0, "round2": 0.0, "round3": 0.0, "round1": 0.0}, "13": {"rating": 0.705859, "name": "Harvard", "seed": 13, "round6": 0.0, "round4": 0.0, "round5": 0.0, "round2": 0.0, "round3": 0.0, "round1": 0.0}, "14": {"rating": 0.734432, "name": "Georgia St.", "seed": 14, "round6": 0.0, "round4": 0.0, "round5": 0.0, "round2": 0.0, "round3": 0.0, "round1": 1.0}, "15": {"rating": 0.411073, "name": "Texas Southern", "seed": 15, "round6": 0.0, "round4": 0.0, "round5": 0.0, "round2": 0.0, "round3": 0.0, "round1": 0.0}, "16": {"rating": 0.537123, "name": "Coast. Car.", "seed": 16, "round6": 0.0, "round4": 0.0, "round5": 0.0, "round2": 0.0, "round3": 0.0, "round1": 0.0}}, "east": {"1": {"rating": 0.957101, "name": "Villanova", "seed": 1, "round6": 0.0, "round4": 0.0, "round5": 0.0, "round2": 0.0, "round3": 0.0, "round1": 1.0}, "2": {"rating": 0.958719, "name": "Virginia", "seed": 2, "round6": 0.0, "round4": 0.0, "round5": 0.0, "round2": 0.0, "round3": 0.0, "round1": 1.0}, "3": {"rating": 0.915002, "name": "Oklahoma", "seed": 3, "round6": 0.0279603348953, "round4": 0.26520313403, "round5": 0.10996431159, "round2": 1.0, "round3": 0.459757726236, "round1": 1.0}, "4": {"rating": 0.875558, "name": "Louisville", "seed": 4, "round6": 0.0228643038357, "round4": 0.232909665757, "round5": 0.0933086356241, "round2": 1.0, "round3": 0.552684752022, "round1": 1.0}, "5": {"rating": 0.908038, "name": "Northern Iowa", "seed": 5, "round6": 0.0, "round4": 0.0, "round5": 0.0, "round2": 0.0, "round3": 0.0, "round1": 1.0}, "6": {"rating": 0.845836, "name": "Providence", "seed": 6, "round6": 0.0, "round4": 0.0, "round5": 0.0, "round2": 0.0, "round3": 0.0, "round1": 0.0}, "7": {"rating": 0.878567, "name": "Michigan St.", "seed": 7, "round6": 0.0441488592684, "round4": 0.333346558399, "round5": 0.152349756633, "round2": 1.0, "round3": 0.540242273764, "round1": 1.0}, "8": {"rating": 0.811134, "name": "North Carolina St.", "seed": 8, "round6": 0.0090143527057, "round4": 0.168540641815, "round5": 0.0512153707556, "round2": 1.0, "round3": 0.447315247978, "round1": 1.0}, "9": {"rating": 0.800599, "name": "LSU", "seed": 9, "round6": 0.0, "round4": 0.0, "round5": 0.0, "round2": 0.0, "round3": 0.0, "round1": 0.0}, "10": {"rating": 0.817751, "name": "Georgia", "seed": 10, "round6": 0.0, "round4": 0.0, "round5": 0.0, "round2": 0.0, "round3": 0.0, "round1": 0.0}, "11": {"rating": 0.805731, "name": "Dayton", "seed": 11, "round6": 0.0, "round4": 0.0, "round5": 0.0, "round2": 0.0, "round3": 0.0, "round1": 1.0}, "12": {"rating": 0.637277, "name": "Wyoming", "seed": 12, "round6": 0.0, "round4": 0.0, "round5": 0.0, "round2": 0.0, "round3": 0.0, "round1": 0.0}, "13": {"rating": 0.655936, "name": "UC Irvine", "seed": 13, "round6": 0.0, "round4": 0.0, "round5": 0.0, "round2": 0.0, "round3": 0.0, "round1": 0.0}, "14": {"rating": 0.568562, "name": "Albany", "seed": 14, "round6": 0.0, "round4": 0.0, "round5": 0.0, "round2": 0.0, "round3": 0.0, "round1": 0.0}, "15": {"rating": 0.536296, "name": "Belmont", "seed": 15, "round6": 0.0, "round4": 0.0, "round5": 0.0, "round2": 0.0, "round3": 0.0, "round1": 0.0}, "16": {"rating": 0.428496, "name": "Lafayette", "seed": 16, "round6": 0.0, "round4": 0.0, "round5": 0.0, "round2": 0.0, "round3": 0.0, "round1": 0.0}}, "midwest": {"1": {"rating": 0.978741, "name": "Kentucky", "seed": 1, "round6": 0.41060403801, "round4": 0.732108102614, "round5": 0.519933513531, "round2": 1.0, "round3": 0.873240395005, "round1": 1.0}, "2": {"rating": 0.911139, "name": "Kansas", "seed": 2, "round6": 0.0, "round4": 0.0, "round5": 0.0, "round2": 0.0, "round3": 0.0, "round1": 1.0}, "3": {"rating": 0.912696, "name": "Notre Dame", "seed": 3, "round6": 0.020424263253, "round4": 0.111552332737, "round5": 0.0413656679832, "round2": 1.0, "round3": 0.527441397872, "round1": 1.0}, "4": {"rating": 0.828921, "name": "Maryland", "seed": 4, "round6": 0.0, "round4": 0.0, "round5": 0.0, "round2": 0.0, "round3": 0.0, "round1": 1.0}, "5": {"rating": 0.85386, "name": "West Virginia", "seed": 5, "round6": 0.00796238560915, "round4": 0.0619969916764, "round5": 0.0186493464034, "round2": 1.0, "round3": 0.126759604995, "round1": 1.0}, "6": {"rating": 0.862402, "name": "Butler", "seed": 6, "round6": 0.0, "round4": 0.0, "round5": 0.0, "round2": 0.0, "round3": 0.0, "round1": 1.0}, "7": {"rating": 0.904421, "name": "Wichita St.", "seed": 7, "round6": 0.0164103046624, "round4": 0.0943425729733, "round5": 0.0337950532, "round2": 1.0, "round3": 0.472558602128, "round1": 1.0}, "8": {"rating": 0.824163, "name": "Cincinnati", "seed": 8, "round6": 0.0, "round4": 0.0, "round5": 0.0, "round2": 0.0, "round3": 0.0, "round1": 1.0}, "9": {"rating": 0.782485, "name": "Purdue", "seed": 9, "round6": 0.0, "round4": 0.0, "round5": 0.0, "round2": 0.0, "round3": 0.0, "round1": 0.0}, "10": {"rating": 0.776209, "name": "Indiana", "seed": 10, "round6": 0.0, "round4": 0.0, "round5": 0.0, "round2": 0.0, "round3": 0.0, "round1": 0.0}, "11": {"rating": 0.872452, "name": "Texas", "seed": 11, "round6": 0.0, "round4": 0.0, "round5": 0.0, "round2": 0.0, "round3": 0.0, "round1": 0.0}, "12": {"rating": 0.775923, "name": "Buffalo", "seed": 12, "round6": 0.0, "round4": 0.0, "round5": 0.0, "round2": 0.0, "round3": 0.0, "round1": 0.0}, "13": {"rating": 0.74991, "name": "Valparaiso", "seed": 13, "round6": 0.0, "round4": 0.0, "round5": 0.0, "round2": 0.0, "round3": 0.0, "round1": 0.0}, "14": {"rating": 0.597988, "name": "Northeastern", "seed": 14, "round6": 0.0, "round4": 0.0, "round5": 0.0, "round2": 0.0, "round3": 0.0, "round1": 0.0}, "15": {"rating": 0.667393, "name": "NM State", "seed": 15, "round6": 0.0, "round4": 0.0, "round5": 0.0, "round2": 0.0, "round3": 0.0, "round1": 0.0}, "16": {"rating": 0.312699, "name": "Hampton", "seed": 16, "round6": 0.0, "round4": 0.0, "round5": 0.0, "round2": 0.0, "round3": 0.0, "round1": 0.0}}, "south": {"1": {"rating": 0.93953, "name": "Duke", "seed": 1, "round6": 0.119294968037, "round4": 0.426921685588, "round5": 0.294036300173, "round2": 1.0, "round3": 0.655415187889, "round1": 1.0}, "2": {"rating": 0.94398, "name": "Gonzaga",