{"west": {"1": {"seed": 1, "name": "Arizona", "round6": 0.108305668974, "round4": 0.374812638128, "round5": 0.198489162314, "round2": 0.726592870717, "round3": 0.567101376647, "round1": 1.0}, "2": {"seed": 2, "name": "Wisconsin", "round6": 0.059148532617, "round4": 0.221544189757, "round5": 0.111897771384, "round2": 0.771997410988, "round3": 0.463760236787, "round1": 1.0}, "3": {"seed": 3, "name": "Creighton", "round6": 0.023078170349, "round4": 0.107183431424, "round5": 0.048561851795, "round2": 0.54404909665, "round3": 0.251298745412, "round1": 1.0}, "4": {"seed": 4, "name": "San Diego St.", "round6": 0.008243232131, "round4": 0.098364024268, "round5": 0.027239635118, "round2": 0.645844327111, "round3": 0.21386783722, "round1": 1.0}, "5": {"seed": 5, "name": "Oklahoma", "round6": 0.0, "round4": 0.0, "round5": 0.0, "round2": 0.0, "round3": 0.0, "round1": 0.0}, "6": {"seed": 6, "name": "Baylor", "round6": 0.011212906195, "round4": 0.056040768592, "round5": 0.024363514903, "round2": 0.45595090335, "round3": 0.165011411743, "round1": 1.0}, "7": {"seed": 7, "name": "Oregon", "round6": 0.006571522889, "round4": 0.049099739869, "round5": 0.017271282533, "round2": 0.228002589012, "round3": 0.119929606057, "round1": 1.0}, "8": {"seed": 8, "name": "Gonzaga", "round6": 0.011706294229, "round4": 0.080794097392, "round5": 0.029686779811, "round2": 0.273407129283, "round3": 0.168567420019, "round1": 1.0}, "9": {"seed": 9, "name": "Oklahoma St.", "round6": 0.0, "round4": 0.0, "round5": 0.0, "round2": 0.0, "round3": 0.0, "round1": 0.0}, "10": {"seed": 10, "name": "BYU", "round6": 0.0, "round4": 0.0, "round5": 0.0, "round2": 0.0, "round3": 0.0, "round1": 0.0}, "11": {"seed": 11, "name": "Nebraska", "round6": 0.0, "round4": 0.0, "round5": 0.0, "round2": 0.0, "round3": 0.0, "round1": 0.0}, "12": {"seed": 12, "name": "ND State", "round6": 0.000601990736, "round4": 0.01216111057, "round5": 0.002536835836, "round2": 0.354155672889, "round3": 0.050463366114, "round1": 1.0}, "13": {"seed": 13, "name": "NM State", "round6": 0.0, "round4": 0.0, "round5": 0.0, "round2": 0.0, "round3": 0.0, "round1": 0.0}, "14": {"seed": 14, "name": "Louisiana Laf.", "round6": 0.0, "round4": 0.0, "round5": 0.0, "round2": 0.0, "round3": 0.0, "round1": 0.0}, "15": {"seed": 15, "name": "American", "round6": 0.0, "round4": 0.0, "round5": 0.0, "round2": 0.0, "round3": 0.0, "round1": 0.0}, "16": {"seed": 16, "name": "Weber St.", "round6": 0.0, "round4": 0.0, "round5": 0.0, "round2": 0.0, "round3": 0.0, "round1": 0.0}}, "east": {"1": {"seed": 1, "name": "Virginia", "round6": 0.050467881433, "round4": 0.205092795225, "round5": 0.10179855167, "round2": 0.709949606895, "round3": 0.364138618322, "round1": 1.0}, "2": {"seed": 2, "name": "Villanova", "round6": 0.043348836339, "round4": 0.210204596132, "round5": 0.095104676973, "round2": 0.648972417022, "round3": 0.405083627022, "round1": 1.0}, "3": {"seed": 3, "name": "Iowa St.", "round6": 0.017166425357, "round4": 0.102575308731, "round5": 0.041567755859, "round2": 0.55723928483, "round3": 0.242442819924, "round1": 1.0}, "4": {"seed": 4, "name": "Michigan St.", "round6": 0.068683540825, "round4": 0.273660087462, "round5": 0.137085044714, "round2": 0.77232375945, "round3": 0.456837290072, "round1": 1.0}, "5": {"seed": 5, "name": "Cincinnati", "round6": 0.0, "round4": 0.0, "round5": 0.0, "round2": 0.0, "round3": 0.0, "round1": 0.0}, "6": {"seed": 6, "name": "North Carolina", "round6": 0.008405399206, "round4": 0.067880589121, "round5": 0.023583515387, "round2": 0.44276071517, "round3": 0.175779092997, "round1": 1.0}, "7": {"seed": 7, "name": "Connecticut", "round6": 0.008457662823, "round4": 0.07174352984, "round5": 0.02426483521, "round2": 0.351027582978, "round3": 0.176694460057, "round1": 1.0}, "8": {"seed": 8, "name": "Memphis", "round6": 0.004236058702, "round4": 0.036937657571, "round5": 0.012299266289, "round2": 0.290050393105, "round3": 0.095783260477, "round1": 1.0}, "9": {"seed": 9, "name": "George Wash.", "round6": 0.0, "round4": 0.0, "round5": 0.0, "round2": 0.0, "round3": 0.0, "round1": 0.0}, "10": {"seed": 10, "name": "St. Joseph's", "round6": 0.0, "round4": 0.0, "round5": 0.0, "round2": 0.0, "round3": 0.0, "round1": 0.0}, "11": {"seed": 11, "name": "Providence", "round6": 0.0, "round4": 0.0, "round5": 0.0, "round2": 0.0, "round3": 0.0, "round1": 0.0}, "12": {"seed": 12, "name": "Harvard", "round6": 0.002525829617, "round4": 0.031905435917, "round5": 0.0087557437, "round2": 0.22767624055, "round3": 0.08324083113, "round1": 1.0}, "13": {"seed": 13, "name": "Delaware", "round6": 0.0, "round4": 0.0, "round5": 0.0, "round2": 0.0, "round3": 0.0, "round1": 0.0}, "14": {"seed": 14, "name": "NC Central", "round6": 0.0, "round4": 0.0, "round5": 0.0, "round2": 0.0, "round3": 0.0, "round1": 0.0}, "15": {"seed": 15, "name": "Milwaukee", "round6": 0.0, "round4": 0.0, "round5": 0.0, "round2": 0.0, "round3": 0.0, "round1": 0.0}, "16": {"seed": 16, "name": "Coast. Car.", "round6": 0.0, "round4": 0.0, "round5": 0.0, "round2": 0.0, "round3": 0.0, "round1": 0.0}}, "midwest": {"1": {"seed": 1, "name": "Wichita St.", "round6": 0.054671868366, "round4": 0.152184909405, "round5": 0.093031348139, "round2": 0.578640202491, "round3": 0.246163337715, "round1": 1.0}, "2": {"seed": 2, "name": "Michigan", "round6": 0.034190544732, "round4": 0.176136035071, "round5": 0.07937405275, "round2": 0.78688598751, "round3": 0.46831455689, "round1": 1.0}, "3": {"seed": 3, "name": "Duke", "round6": 0.0, "round4": 0.0, "round5": 0.0, "round2": 0.0, "round3": 0.0, "round1": 0.0}, "4": {"seed": 4, "name": "Louisville", "round6": 0.140653606349, "round4": 0.38386982327, "round5": 0.237606744211, "round2": 0.822264881534, "round3": 0.528527086962, "round1": 1.0}, "5": {"seed": 5, "name": "Saint Louis", "round6": 0.003017496867, "round4": 0.023354499478, "round5": 0.008546880635, "round2": 0.177735118466, "round3": 0.055028587676, "round1": 1.0}, "6": {"seed": 6, "name": "UMass", "round6": 0.0, "round4": 0.0, "round5": 0.0, "round2": 0.0, "round3": 0.0, "round1": 0.0}, "7": {"seed": 7, "name": "Texas", "round6": 0.001503723736, "round4": 0.012092719409, "round5": 0.004336186679, "round2": 0.21311401249, "round3": 0.071766563406, "round1": 1.0}, "8": {"seed": 8, "name": "Kentucky", "round6": 0.02378473565, "round4": 0.101682482773, "round5": 0.050230651634, "round2": 0.421359797509, "round3": 0.170280987647, "round1": 1.0}, "9": {"seed": 9, "name": "Kansas St.", "round6": 0.0, "round4": 0.0, "round5": 0.0, "round2": 0.0, "round3": 0.0, "round1": 0.0}, "10": {"seed": 10, "name": "Arizona St.", "round6": 0.0, "round4": 0.0, "round5": 0.0, "round2": 0.0, "round3": 0.0, "round1": 0.0}, "11": {"seed": 11, "name": "Tennessee", "round6": 0.028671601472, "round4": 0.145492210713, "round5": 0.065703845176, "round2": 0.810641139226, "round3": 0.417738967448, "round1": 1.0}, "12": {"seed": 12, "name": "NC State", "round6": 0.0, "round4": 0.0, "round5": 0.0, "round2": 0.0, "round3": 0.0, "round1": 0.0}, "13": {"seed": 13, "name": "Manhattan", "round6": 0.0, "round4": 0.0, "round5": 0.0, "round2": 0.0, "round3": 0.0, "round1": 0.0}, "14": {"seed": 14, "name": "Mercer", "round6": 0.00024197818, "round4": 0.005187319883, "round5": 0.001123457082, "round2": 0.189358860774, "round3": 0.042179912256, "round1": 1.0}, "15": {"seed": 15, "name": "Wofford", "round6": 0.0, "round4": 0.0, "round5": 0.0, "round2": 0.0, "round3": 0.0, "round1": 0.0}, "16": {"seed": 16, "name": "Cal Poly", "round6": 0.0, "round4": 0.0, "round5": 0.0, "round2": 0.0, "round3": 0.0, "round1": 0.0}}, "south": {"1": {"seed": 1, "name": "Florida", "round6": 0.159730769354, "round4": 0.476949763839, "round5": 0.291624233256, "round2": 1.0, "round3": 0.741884420261, "round1": 1.0}, "2": {"seed": 2, "name": "Kansas", "round6": 0.0714132335, "round4": 0.239714672762, "round5": 0.138433073566, "round2": 0.787276640965, "round3": 0.503440688783, "round1": 1.0}, "3": {"seed": 3, "name": "Syracuse", "round6": 0.026537946087,