{"west": {"1": {"seed": 1, "name": "Arizona", "round6": 0.110273531, "round4": 0.370230159, "round5": 0.198331905, "round2": 0.716945138, "round3": 0.559782407, "round1": 1.0}, "2": {"seed": 2, "name": "Wisconsin", "round6": 0.061363037, "round4": 0.223637753, "round5": 0.114094229, "round2": 0.771997411, "round3": 0.469218105, "round1": 1.0}, "3": {"seed": 3, "name": "Creighton", "round6": 0.023486692, "round4": 0.100879331, "round5": 0.047361094, "round2": 0.489586447, "round3": 0.231284661, "round1": 0.882866484}, "4": {"seed": 4, "name": "San Diego St.", "round6": 0.008656128, "round4": 0.09826143, "round5": 0.027783905, "round2": 0.645844327, "round3": 0.213437101, "round1": 1.0}, "5": {"seed": 5, "name": "Oklahoma", "round6": 0.0, "round4": 0.0, "round5": 0.0, "round2": 0.0, "round3": 0.0, "round1": 0.0}, "6": {"seed": 6, "name": "Baylor", "round6": 0.01198468, "round4": 0.058849021, "round5": 0.02570753, "round2": 0.489929167, "round3": 0.17536264, "round1": 1.0}, "7": {"seed": 7, "name": "Oregon", "round6": 0.006908652, "round4": 0.049697735, "round5": 0.017744316, "round2": 0.228002589, "round3": 0.121758093, "round1": 1.0}, "8": {"seed": 8, "name": "Gonzaga", "round6": 0.005993338, "round4": 0.039326183, "round5": 0.014761482, "round2": 0.132017027, "round3": 0.081640132, "round1": 0.479870069}, "9": {"seed": 9, "name": "Oklahoma St.", "round6": 0.011784381, "round4": 0.046680413, "round5": 0.022824869, "round2": 0.151037835, "round3": 0.094903082, "round1": 0.520129931}, "10": {"seed": 10, "name": "BYU", "round6": 0.0, "round4": 0.0, "round5": 0.0, "round2": 0.0, "round3": 0.0, "round1": 0.0}, "11": {"seed": 11, "name": "Nebraska", "round6": 0.0, "round4": 0.0, "round5": 0.0, "round2": 0.0, "round3": 0.0, "round1": 0.0}, "12": {"seed": 12, "name": "ND State", "round6": 0.000637183, "round4": 0.012146991, "round5": 0.002598524, "round2": 0.354155673, "round3": 0.050237277, "round1": 1.0}, "13": {"seed": 13, "name": "NM State", "round6": 0.0, "round4": 0.0, "round5": 0.0, "round2": 0.0, "round3": 0.0, "round1": 0.0}, "14": {"seed": 14, "name": "Louisiana Laf.", "round6": 1.01833e-05, "round4": 0.000290982, "round5": 5.00517e-05, "round2": 0.020484385, "round3": 0.002376501, "round1": 0.117133516}, "15": {"seed": 15, "name": "American", "round6": 0.0, "round4": 0.0, "round5": 0.0, "round2": 0.0, "round3": 0.0, "round1": 0.0}, "16": {"seed": 16, "name": "Weber St.", "round6": 0.0, "round4": 0.0, "round5": 0.0, "round2": 0.0, "round3": 0.0, "round1": 0.0}}, "east": {"1": {"seed": 1, "name": "Virginia", "round6": 0.061189075, "round4": 0.221756867, "round5": 0.119208447, "round2": 0.707824942, "round3": 0.37659774, "round1": 0.963891641}, "2": {"seed": 2, "name": "Villanova", "round6": 0.046211649, "round4": 0.216107932, "round5": 0.10218333, "round2": 0.648972417, "round3": 0.423373699, "round1": 1.0}, "3": {"seed": 3, "name": "Iowa St.", "round6": 0.012367033, "round4": 0.077080538, "round5": 0.031495434, "round2": 0.46469779, "round3": 0.193473495, "round1": 0.812359445}, "4": {"seed": 4, "name": "Michigan St.", "round6": 0.07089285, "round4": 0.272466734, "round5": 0.142252089, "round2": 0.772323759, "round3": 0.450698623, "round1": 1.0}, "5": {"seed": 5, "name": "Cincinnati", "round6": 0.0, "round4": 0.0, "round5": 0.0, "round2": 0.0, "round3": 0.0, "round1": 0.0}, "6": {"seed": 6, "name": "North Carolina", "round6": 0.008466523, "round4": 0.059195265, "round5": 0.022806112, "round2": 0.35993489, "round3": 0.149117427, "round1": 0.672028134}, "7": {"seed": 7, "name": "Connecticut", "round6": 0.009187986, "round4": 0.074670714, "round5": 0.026659467, "round2": 0.351027583, "round3": 0.187781066, "round1": 1.0}, "8": {"seed": 8, "name": "Memphis", "round6": 0.002838182, "round4": 0.022510616, "round5": 0.008120526, "round2": 0.166598237, "round3": 0.056198613, "round1": 0.550041201}, "9": {"seed": 9, "name": "George Wash.", "round6": 0.000866217, "round4": 0.011678839, "round5": 0.003211481, "round2": 0.119907151, "round3": 0.033900359, "round1": 0.449958799}, "10": {"seed": 10, "name": "St. Joseph's", "round6": 0.0, "round4": 0.0, "round5": 0.0, "round2": 0.0, "round3": 0.0, "round1": 0.0}, "11": {"seed": 11, "name": "Providence", "round6": 0.00072476, "round4": 0.010804827, "round5": 0.002821662, "round2": 0.123874793, "round3": 0.037014526, "round1": 0.327971866}, "12": {"seed": 12, "name": "Harvard", "round6": 0.002667683, "round4": 0.032010243, "round5": 0.009353416, "round2": 0.227676241, "round3": 0.082238383, "round1": 1.0}, "13": {"seed": 13, "name": "Delaware", "round6": 0.0, "round4": 0.0, "round5": 0.0, "round2": 0.0, "round3": 0.0, "round1": 0.0}, "14": {"seed": 14, "name": "NC Central", "round6": 5.86343e-05, "round4": 0.001682182, "round5": 0.000312976, "round2": 0.051492527, "round3": 0.009239787, "round1": 0.187640555}, "15": {"seed": 15, "name": "Milwaukee", "round6": 0.0, "round4": 0.0, "round5": 0.0, "round2": 0.0, "round3": 0.0, "round1": 0.0}, "16": {"seed": 16, "name": "Coast. Car.", "round6": 2.49414e-07, "round4": 3.52426e-05, "round5": 2.86336e-06, "round2": 0.00566967, "round3": 0.000366283, "round1": 0.036108359}}, "midwest": {"1": {"seed": 1, "name": "Wichita St.", "round6": 0.050898827, "round4": 0.150131042, "round5": 0.088087664, "round2": 0.591415205, "round3": 0.240833362, "round1": 0.975453921}, "2": {"seed": 2, "name": "Michigan", "round6": 0.03855994, "round4": 0.198847513, "round5": 0.087978653, "round2": 0.786885988, "round3": 0.524214611, "round1": 1.0}, "3": {"seed": 3, "name": "Duke", "round6": 0.0, "round4": 0.0, "round5": 0.0, "round2": 0.0, "round3": 0.0, "round1": 0.0}, "4": {"seed": 4, "name": "Louisville", "round6": 0.149561576, "round4": 0.406542811, "round5": 0.249053585, "round2": 0.822264882, "round3": 0.545973999, "round1": 1.0}, "5": {"seed": 5, "name": "Saint Louis", "round6": 0.003436883, "round4": 0.026674127, "round5": 0.009545427, "round2": 0.177735118, "round3": 0.059424656, "round1": 1.0}, "6": {"seed": 6, "name": "UMass", "round6": 0.000736253, "round4": 0.010373977, "round5": 0.002728691, "round2": 0.18519979, "round3": 0.056603395, "round1": 0.294573469}, "7": {"seed": 7, "name": "Texas", "round6": 0.001849086, "round4": 0.014958821, "round5": 0.005235231, "round2": 0.213114012, "round3": 0.087297919, "round1": 1.0}, "8": {"seed": 8, "name": "Kentucky", "round6": 0.021675358, "round4": 0.088492535, "round5": 0.043998218, "round2": 0.34026022, "round3": 0.140502803, "round1": 0.739316299}, "9": {"seed": 9, "name": "Kansas St.", "round6": 0.000647575, "round4": 0.005161806, "round5": 0.001815642, "round2": 0.066558357, "round3": 0.01319807, "round1": 0.260683701}, "10": {"seed": 10, "name": "Arizona St.", "round6": 0.0, "round4": 0.0, "round5": 0.0, "round2": 0.0, "round3": 0.0, "round1": 0.0}, "11": {"seed": 11, "name": "Tennessee", "round6": 0.016438403, "round4": 0.091828799, "round5": 0.038841087, "round2": 0.560253893, "round3": 0.275995112, "round1": 0.705426531}, "12": {"seed": 12, "name": "NC State", "round6": 0.0, "round4": 0.0, "round5": 0.0, "round2": 0.0, "round3": 0.0, "round1": 0.0}, "13": {"seed": 13, "name": "Manhattan", "round6": 0.0, "round4": 0.0, "round5": 0.0, "round2": 0.0, "round3": 0.0, "round1": 0.0}, "14": {"seed": 14, "name": "Mercer", "round6": 0.000319901, "round4": 0.006980564, "round5": 0.001456975, "round2": 0.254546317, "round3": 0.055888963, "round1": 1.0}, "15": {"seed": 15, "name": "Wofford", "round6": 0.0, "round4": 0.0, "round5": 0.0, "round2": 0.0, "round3": 0.0, "round1": 0.0}, "16": {"seed": 16, "name": "Cal Poly", "round6": 1.17853e-07, "round4": 8.00641e-06, "round5": 9.20653e-07, "round2": 0.001766219, "round3": 6.71098e-05, "round1": 0.024546079}}, "south": {"1": {"seed": 1, "name": "Florida", "round6": 0.112815656, "round4": 0.348922085, "round5": 0.209417778, "round2": 0.762029803, "round3": 0.549531138, "round1": 1.0}, "2": {"seed": 2, "name": "Kansas", "round6": 0.077174592, "round4": 0.251233164, "round5": 0.146857739,