{"west": {"1": {"round6": 0.02740854, "rating": 0.912309, "round3": 0.45973936, "seed": 1, "round4": 0.23498831, "round5": 0.07338399, "round2": 0.79991294, "name": "Oregon", "round1": 1.0}, "2": {"round6": 0.07197504, "rating": 0.919907, "round3": 0.55294273, "seed": 2, "round4": 0.32853245, "round5": 0.14483784, "round2": 0.83714074, "name": "Oklahoma", "round1": 1.0}, "3": {"round6": 0.03094001, "rating": 0.892642, "round3": 0.32045045, "seed": 3, "round4": 0.16074134, "round5": 0.06600254, "round2": 0.75595612, "name": "Texas A&M", "round1": 1.0}, "4": {"round6": 0.02961775, "rating": 0.875167, "round3": 0.47579484, "seed": 4, "round4": 0.21321566, "round5": 0.07323468, "round2": 1.0, "name": "Duke", "round1": 1.0}, "5": {"round6": 0.0, "rating": 0.870648, "round3": 0.0, "seed": 5, "round4": 0.0, "round5": 0.0, "round2": 0.0, "name": "Baylor", "round1": 0.0}, "6": {"round6": 0.0, "rating": 0.848832, "round3": 0.0, "seed": 6, "round4": 0.0, "round5": 0.0, "round2": 0.0, "name": "Texas", "round1": 0.0}, "7": {"round6": 0.0, "rating": 0.768946, "round3": 0.0, "seed": 7, "round4": 0.0, "round5": 0.0, "round2": 0.0, "name": "Oregon St.", "round1": 0.0}, "8": {"round6": 0.00112545, "rating": 0.816072, "round3": 0.06446581, "seed": 8, "round4": 0.01905652, "round5": 0.00412231, "round2": 0.20008706, "name": "Saint Joseph's", "round1": 1.0}, "9": {"round6": 0.0, "rating": 0.841554, "round3": 0.0, "seed": 9, "round4": 0.0, "round5": 0.0, "round2": 0.0, "name": "Cincinnati", "round1": 0.0}, "10": {"round6": 0.00199075, "rating": 0.826164, "round3": 0.06804605, "seed": 10, "round4": 0.02511401, "round5": 0.006363, "round2": 0.16285926, "name": "VCU", "round1": 1.0}, "11": {"round6": 0.00098178, "rating": 0.723906, "round3": 0.05856078, "seed": 11, "round4": 0.01835172, "round5": 0.00376545, "round2": 0.24404388, "name": "Northern Iowa", "round1": 1.0}, "12": {"round6": 0.0, "rating": 0.81255, "round3": 0.0, "seed": 12, "round4": 0.0, "round5": 0.0, "round2": 0.0, "name": "Yale", "round1": 1.0}, "13": {"round6": 0.0, "rating": 0.72885, "round3": 0.0, "seed": 13, "round4": 0.0, "round5": 0.0, "round2": 0.0, "name": "UNC Wilmington", "round1": 0.0}, "14": {"round6": 0.0, "rating": 0.619562, "round3": 0.0, "seed": 14, "round4": 0.0, "round5": 0.0, "round2": 0.0, "name": "Green Bay", "round1": 0.0}, "15": {"round6": 0.0, "rating": 0.687313, "round3": 0.0, "seed": 15, "round4": 0.0, "round5": 0.0, "round2": 0.0, "name": "Cal St. Bakersfield", "round1": 0.0}, "16": {"round6": 0.0, "rating": 0.268646, "round3": 0.0, "seed": 16, "round4": 0.0, "round5": 0.0, "round2": 0.0, "name": "Holy Cross", "round1": 0.0}}, "east": {"1": {"round6": 0.19187677, "rating": 0.940687, "round3": 0.73008775, "seed": 1, "round4": 0.56442684, "round5": 0.34386531, "round2": 1.0, "name": "North Carolina", "round1": 1.0}, "2": {"round6": 0.02392457, "rating": 0.894647, "round3": 0.39860969, "seed": 2, "round4": 0.13032097, "round5": 0.05824199, "round2": 0.61269032, "name": "Xavier", "round1": 1.0}, "3": {"round6": 0.0, "rating": 0.923722, "round3": 0.0, "seed": 3, "round4": 0.0, "round5": 0.0, "round2": 0.0, "name": "West Virginia", "round1": 0.0}, "4": {"round6": 0.0, "rating": 0.920054, "round3": 0.0, "seed": 4, "round4": 0.0, "round5": 0.0, "round2": 0.0, "name": "Kentucky", "round1": 1.0}, "5": {"round6": 0.0329747, "rating": 0.895935, "round3": 0.26991225, "seed": 5, "round4": 0.16360629, "round5": 0.07667271, "round2": 1.0, "name": "Indiana", "round1": 1.0}, "6": {"round6": 0.00691972, "rating": 0.813109, "round3": 0.23722162, "seed": 6, "round4": 0.05767747, "round5": 0.02073752, "round2": 0.57302334, "name": "Notre Dame", "round1": 1.0}, "7": {"round6": 0.00680715, "rating": 0.839024, "round3": 0.21081666, "seed": 7, "round4": 0.05218518, "round5": 0.0195852, "round2": 0.38730968, "name": "Wisconsin", "round1": 1.0}, "8": {"round6": 0.0, "rating": 0.794435, "round3": 0.0, "seed": 8, "round4": 0.0, "round5": 0.0, "round2": 0.0, "name": "USC", "round1": 0.0}, "9": {"round6": 0.0, "rating": 0.799085, "round3": 0.0, "seed": 9, "round4": 0.0, "round5": 0.0, "round2": 0.0, "name": "Providence", "round1": 1.0}, "10": {"round6": 0.0, "rating": 0.802469, "round3": 0.0, "seed": 10, "round4": 0.0, "round5": 0.0, "round2": 0.0, "name": "Pittsburgh", "round1": 0.0}, "11": {"round6": 0.0, "rating": 0.777726, "round3": 0.0, "seed": 11, "round4": 0.0, "round5": 0.0, "round2": 0.0, "name": "Michigan", "round1": 0.0}, "12": {"round6": 0.0, "rating": 0.657065, "round3": 0.0, "seed": 12, "round4": 0.0, "round5": 0.0, "round2": 0.0, "name": "Chattanooga", "round1": 0.0}, "13": {"round6": 0.0, "rating": 0.697138, "round3": 0.0, "seed": 13, "round4": 0.0, "round5": 0.0, "round2": 0.0, "name": "Stony Brook", "round1": 0.0}, "14": {"round6": 0.00522692, "rating": 0.834756, "round3": 0.15335202, "seed": 14, "round4": 0.03178325, "round5": 0.01342946, "round2": 0.42697666, "name": "SF Austin", "round1": 1.0}, "15": {"round6": 0.0, "rating": 0.571757, "round3": 0.0, "seed": 15, "round4": 0.0, "round5": 0.0, "round2": 0.0, "name": "Weber St.", "round1": 0.0}, "16": {"round6": 0.0, "rating": 0.498892, "round3": 0.0, "seed": 16, "round4": 0.0, "round5": 0.0, "round2": 0.0, "name": "Florida Gulf Coast", "round1": 0.0}}, "south": {"1": {"round6": 0.22753717, "rating": 0.950304, "round3": 0.79355397, "seed": 1, "round4": 0.53110602, "round5": 0.37380943, "round2": 1.0, "name": "Kansas", "round1": 1.0}, "2": {"round6": 0.0686789, "rating": 0.935171, "round3": 0.52098365, "seed": 2, "round4": 0.22924124, "round5": 0.13659023, "round2": 0.77877812, "name": "Villanova", "round1": 1.0}, "3": {"round6": 0.02451048, "rating": 0.897127, "round3": 0.36381065, "seed": 3, "round4": 0.11333565, "round5": 0.05770477, "round2": 1.0, "name": "Miami FL", "round1": 1.0}, "4": {"round6": 0.0, "rating": 0.876452, "round3": 0.0, "seed": 4, "round4": 0.0, "round5": 0.0, "round2": 0.0, "name": "California", "round1": 0.0}, "5": {"round6": 0.01687735, "rating": 0.872416, "round3": 0.19278334, "seed": 5, "round4": 0.08774063, "round5": 0.04217988, "round2": 0.78947046, "name": "Maryland", "round1": 1.0}, "6": {"round6": 0.0, "rating": 0.892664, "round3": 0.0, "seed": 6, "round4": 0.0, "round5": 0.0, "round2": 0.0, "name": "Arizona", "round1": 0.0}, "7": {"round6": 0.0069966, "rating": 0.883264, "round3": 0.11520569, "seed": 7, "round4": 0.03631918, "round5": 0.01747267, "round2": 0.22122188, "name": "Iowa", "round1": 1.0}, "8": {"round6": 0.0, "rating": 0.778738, "round3": 0.0, "seed": 8, "round4": 0.0, "round5": 0.0, "round2": 0.0, "name": "Colorado", "round1": 0.0}, "9": {"round6": 0.0, "rating": 0.867739, "round3": 0.0, "seed": 9, "round4": 0.0, "round5": 0.0, "round2": 0.0, "name": "Connecticut", "round1": 1.0}, "10": {"round6": 0.0, "rating": 0.702915, "round3": 0.0, "seed": 10, "round4": 0.0, "round5": 0.0, "round2": 0.0, "name": "Temple", "round1": 0.0}, "11": {"round6": 0.0, "rating": 0.900474, "round3": 0.0, "seed": 11, "round4": 0.0, "round5": 0.0, "round2": 0.0, "name": "Wichita St.", "round1": 1.0}, "12": {"round6": 0.0, "rating": 0.721652, "round3": 0.0, "seed": 12, "round4": 0.0, "round5": 0.0, "round2": 0.0, "name": "South Dakota St.", "round1": 0.0}, "13": {"round6": 0.00010559, "rating": 0.763308, "round3": 0.01366269, "seed": 13, "round4": 0.00225728, "round5": 0.00053321, "round2": 0.21052954, "name": "Hawaii", "round1": 1.0}, "14": {"round6": 0.0, "rating": 0.574321, "round3": 0.0, "seed": 14, "round4": 0.0, "round5": 0.0, "round2": 0.0, "name": "Buffalo", "round1": 0.0}, "15": {"round6": 0.0, "rating": 0.619862, "round3": 0.0, "seed": 15, "round4": 0.0, "round5": 0.0, "round2": 0.0, "name": "UNC Asheville", "round1": 0.0}, "16": {"round6": 0.0, "rating": 0.383147, "round3": 0.0, "seed": 16, "round4": 0.0, "round5": 0.0, "round2": 0.0, "name": "Austin Peay", "round1": 0.0}}, "midwest": {"1": {"round6": 0.14172822, "rating": 0.948189, "round3": 0.64717901, "seed": 1, "round4": 0.46967408, "round5": 0.26122556,