{"west": {"1": {"rating": 0.961498, "name": "Wisconsin", "seed": 1, "round6": 0.101940681346, "round4": 0.33474307818, "round5": 0.161274949239, "round2": 0.8527395642, "round3": 0.631249636395, "round1": 0.984445020667}, "2": {"rating": 0.967408, "name": "Arizona", "seed": 2, "round6": 0.0949715565504, "round4": 0.465234653569, "round5": 0.178738064344, "round2": 0.805944519463, "round3": 0.71532051886, "round1": 1.0}, "3": {"rating": 0.903813, "name": "Baylor", "seed": 3, "round6": 0.0, "round4": 0.0, "round5": 0.0, "round2": 0.0, "round3": 0.0, "round1": 0.0}, "4": {"rating": 0.901882, "name": "North Carolina", "seed": 4, "round6": 0.0106354911353, "round4": 0.0791218325189, "round5": 0.0240184296395, "round2": 0.673780947904, "round3": 0.228180869243, "round1": 1.0}, "5": {"rating": 0.841594, "name": "Arkansas", "seed": 5, "round6": 0.00150803135382, "round4": 0.0221642047674, "round5": 0.00461033950126, "round2": 0.326219052096, "round3": 0.0824740594093, "round1": 1.0}, "6": {"rating": 0.851793, "name": "Xavier", "seed": 6, "round6": 0.00401123474478, "round4": 0.0392181953885, "round5": 0.0101663674545, "round2": 0.695213505689, "round3": 0.134740613349, "round1": 1.0}, "7": {"rating": 0.839998, "name": "VCU", "seed": 7, "round6": 0.0, "round4": 0.0, "round5": 0.0, "round2": 0.0, "round3": 0.0, "round1": 0.0}, "8": {"rating": 0.797249, "name": "Oregon", "seed": 8, "round6": 0.000152384396367, "round4": 0.00506421271301, "round5": 0.000673442457827, "round2": 0.0477514944956, "round3": 0.0198243666827, "round1": 0.406109460658}, "9": {"rating": 0.814084, "name": "Oklahoma St.", "seed": 9, "round6": 0.000443141486609, "round4": 0.00908046761159, "round5": 0.00157054562905, "round2": 0.0964505014782, "round3": 0.0379051461035, "round1": 0.593890539342}, "10": {"rating": 0.868025, "name": "Ohio St.", "seed": 10, "round6": 0.004992664723, "round4": 0.0414421499328, "round5": 0.0118041886483, "round2": 0.194055480537, "round3": 0.123688839811, "round1": 1.0}, "11": {"rating": 0.799554, "name": "Mississippi", "seed": 11, "round6": 0.0, "round4": 0.0, "round5": 0.0, "round2": 0.0, "round3": 0.0, "round1": 0.0}, "12": {"rating": 0.661733, "name": "Wofford", "seed": 12, "round6": 0.0, "round4": 0.0, "round5": 0.0, "round2": 0.0, "round3": 0.0, "round1": 0.0}, "13": {"rating": 0.705859, "name": "Harvard", "seed": 13, "round6": 0.0, "round4": 0.0, "round5": 0.0, "round2": 0.0, "round3": 0.0, "round1": 0.0}, "14": {"rating": 0.734432, "name": "Georgia St.", "seed": 14, "round6": 9.28344862221e-05, "round4": 0.0039048401971, "round5": 0.000457014905017, "round2": 0.304786494311, "round3": 0.0262500279809, "round1": 1.0}, "15": {"rating": 0.411073, "name": "Texas Southern", "seed": 15, "round6": 0.0, "round4": 0.0, "round5": 0.0, "round2": 0.0, "round3": 0.0, "round1": 0.0}, "16": {"rating": 0.537123, "name": "Coast. Car.", "seed": 16, "round6": 1.88624141024e-07, "round4": 2.6365121085e-05, "round5": 1.61122279092e-06, "round2": 0.00305843982618, "round3": 0.000365922165567, "round1": 0.0155549793334}}, "east": {"1": {"rating": 0.957101, "name": "Villanova", "seed": 1, "round6": 0.160369517259, "round4": 0.522272344626, "round5": 0.354868394316, "round2": 0.875217659775, "round3": 0.740641297002, "round1": 1.0}, "2": {"rating": 0.958719, "name": "Virginia", "seed": 2, "round6": 0.0630656480388, "round4": 0.236303125201, "round5": 0.152083718057, "round2": 0.70911376014, "round3": 0.509060224177, "round1": 0.96373165892}, "3": {"rating": 0.915002, "name": "Oklahoma", "seed": 3, "round6": 0.00986085932977, "round4": 0.0702857186738, "round5": 0.0346392434332, "round2": 0.579873082674, "round3": 0.217450887175, "round1": 0.90189781321}, "4": {"rating": 0.875558, "name": "Louisville", "seed": 4, "round6": 0.00362471781894, "round4": 0.0289952752962, "round5": 0.0135823153851, "round2": 0.354826213661, "round3": 0.0771138842568, "round1": 0.744975249321}, "5": {"rating": 0.908038, "name": "Northern Iowa", "seed": 5, "round6": 0.00434076414449, "round4": 0.0429847775581, "round5": 0.01834928805, "round2": 0.579438001414, "round3": 0.119070613263, "round1": 1.0}, "6": {"rating": 0.845836, "name": "Providence", "seed": 6, "round6": 0.00124002586167, "round4": 0.0183351848515, "round5": 0.00656419585927, "round2": 0.208248345566, "round3": 0.066149943057, "round1": 0.51361263507}, "7": {"rating": 0.878567, "name": "Michigan St.", "seed": 7, "round6": 0.00775176110741, "round4": 0.0530629520938, "round5": 0.0265744758479, "round2": 0.285158327598, "round3": 0.162016496154, "round1": 1.0}, "8": {"rating": 0.811134, "name": "North Carolina St.", "seed": 8, "round6": 0.00116936522603, "round4": 0.0187169596322, "round5": 0.00648023929962, "round2": 0.124782340225, "round3": 0.0593961495943, "round1": 1.0}, "9": {"rating": 0.800599, "name": "LSU", "seed": 9, "round6": 0.0, "round4": 0.0, "round5": 0.0, "round2": 0.0, "round3": 0.0, "round1": 0.0}, "10": {"rating": 0.817751, "name": "Georgia", "seed": 10, "round6": 0.0, "round4": 0.0, "round5": 0.0, "round2": 0.0, "round3": 0.0, "round1": 0.0}, "11": {"rating": 0.805731, "name": "Dayton", "seed": 11, "round6": 0.000542987455846, "round4": 0.0081832442325, "round5": 0.00290618702239, "round2": 0.191097192868, "round3": 0.0418192293118, "round1": 0.48638736493}, "12": {"rating": 0.637277, "name": "Wyoming", "seed": 12, "round6": 0.0, "round4": 0.0, "round5": 0.0, "round2": 0.0, "round3": 0.0, "round1": 0.0}, "13": {"rating": 0.655936, "name": "UC Irvine", "seed": 13, "round6": 6.73392683686e-06, "round4": 0.000492691709726, "round5": 8.4761717827e-05, "round2": 0.0657357849247, "round3": 0.00377805588409, "round1": 0.255024750679}, "14": {"rating": 0.568562, "name": "Albany", "seed": 14, "round6": 2.8217781775e-06, "round4": 0.000273691558459, "round5": 4.12202494207e-05, "round2": 0.0207813788918, "round3": 0.0024252579943, "round1": 0.0981021867898}, "15": {"rating": 0.536296, "name": "Belmont", "seed": 15, "round6": 1.53081106648e-06, "round4": 9.40345673123e-05, "round5": 1.74807341159e-05, "round2": 0.00572791226218, "round3": 0.00107796213036, "round1": 0.0362683410801}, "16": {"rating": 0.428496, "name": "Lafayette", "seed": 16, "round6": 0.0, "round4": 0.0, "round5": 0.0, "round2": 0.0, "round3": 0.0, "round1": 0.0}}, "midwest": {"1": {"rating": 0.978741, "name": "Kentucky", "seed": 1, "round6": 0.365588414665, "round4": 0.70108681722, "round5": 0.499398704812, "round2": 0.935452437564, "round3": 0.83469370167, "round1": 1.0}, "2": {"rating": 0.911139, "name": "Kansas", "seed": 2, "round6": 0.0142630735609, "round4": 0.080429179271, "round5": 0.0321782865129, "round2": 0.605373411161, "round3": 0.328457217123, "round1": 1.0}, "3": {"rating": 0.912696, "name": "Notre Dame", "seed": 3, "round6": 0.0127830935798, "round4": 0.0779497849503, "round5": 0.0300077532423, "round2": 0.624656601983, "round3": 0.325307889739, "round1": 1.0}, "4": {"rating": 0.828921, "name": "Maryland", "seed": 4, "round6": 0.00204984981852, "round4": 0.0220968963222, "round5": 0.00624623636012, "round2": 0.353377247004, "round3": 0.0486871968832, "round1": 0.71732975654}, "5": {"rating": 0.85386, "name": "West Virginia", "seed": 5, "round6": 0.00361791112069, "round4": 0.0376235218813, "round5": 0.0108577319781, "round2": 0.562744514637, "round3": 0.081008693938, "round1": 1.0}, "6": {"rating": 0.862402, "name": "Butler", "seed": 6, "round6": 0.00463100483827, "round4": 0.0285966305841, "round5": 0.0108737963057, "round2": 0.375343398017, "round3": 0.15809376854, "round1": 1.0}, "7": {"rating": 0.904421, "name": "Wichita St.", "seed": 7, "round6": 0.00484768066868, "round4": 0.0341814110507, "round5": 0.012129712145, "round2": 0.320553931134, "round3": 0.159048458789, "round1": 0.715652526737}, "8": {"rating": 0.824163, "name": "Cincinnati", "seed": 8, "round6": 0.00105379778634, "round4": 0.0119305904853, "round5": 0.00328370908151, "round2": 0.0645475624357, "round3": 0.0302257054606, "round1": 1.0}, "9": {"rating": 0.782485,