{"south": {"1": {"round4": 0.47518903, "round5": 0.3343298, "round1": 1.0, "seed": 1, "round3": 0.72969483, "round2": 1.0, "name": "Kansas", "round6": 0.20631482, "rating": 0.950304}, "2": {"round4": 0.2995321, "round5": 0.17741542, "round1": 1.0, "seed": 2, "round3": 0.67496869, "round2": 1.0, "name": "Villanova", "round6": 0.09037531, "rating": 0.935171}, "3": {"round4": 0.10121351, "round5": 0.05092633, "round1": 1.0, "seed": 3, "round3": 0.32503131, "round2": 1.0, "name": "Miami FL", "round6": 0.02188824, "rating": 0.897127}, "4": {"round4": 0.0, "round5": 0.0, "round1": 0.0, "seed": 4, "round3": 0.0, "round2": 0.0, "name": "California", "round6": 0.0, "rating": 0.876452}, "5": {"round4": 0.12406536, "round5": 0.06218214, "round1": 1.0, "seed": 5, "round3": 0.27030517, "round2": 1.0, "name": "Maryland", "round6": 0.02662056, "rating": 0.872416}, "6": {"round4": 0.0, "round5": 0.0, "round1": 0.0, "seed": 6, "round3": 0.0, "round2": 0.0, "name": "Arizona", "round6": 0.0, "rating": 0.892664}, "7": {"round4": 0.0, "round5": 0.0, "round1": 1.0, "seed": 7, "round3": 0.0, "round2": 0.0, "name": "Iowa", "round6": 0.0, "rating": 0.883264}, "8": {"round4": 0.0, "round5": 0.0, "round1": 0.0, "seed": 8, "round3": 0.0, "round2": 0.0, "name": "Colorado", "round6": 0.0, "rating": 0.778738}, "9": {"round4": 0.0, "round5": 0.0, "round1": 1.0, "seed": 9, "round3": 0.0, "round2": 0.0, "name": "Connecticut", "round6": 0.0, "rating": 0.867739}, "10": {"round4": 0.0, "round5": 0.0, "round1": 0.0, "seed": 10, "round3": 0.0, "round2": 0.0, "name": "Temple", "round6": 0.0, "rating": 0.702915}, "11": {"round4": 0.0, "round5": 0.0, "round1": 1.0, "seed": 11, "round3": 0.0, "round2": 0.0, "name": "Wichita St.", "round6": 0.0, "rating": 0.900474}, "12": {"round4": 0.0, "round5": 0.0, "round1": 0.0, "seed": 12, "round3": 0.0, "round2": 0.0, "name": "South Dakota St.", "round6": 0.0, "rating": 0.721652}, "13": {"round4": 0.0, "round5": 0.0, "round1": 1.0, "seed": 13, "round3": 0.0, "round2": 0.0, "name": "Hawaii", "round6": 0.0, "rating": 0.763308}, "14": {"round4": 0.0, "round5": 0.0, "round1": 0.0, "seed": 14, "round3": 0.0, "round2": 0.0, "name": "Buffalo", "round6": 0.0, "rating": 0.574321}, "15": {"round4": 0.0, "round5": 0.0, "round1": 0.0, "seed": 15, "round3": 0.0, "round2": 0.0, "name": "UNC Asheville", "round6": 0.0, "rating": 0.619862}, "16": {"round4": 0.0, "round5": 0.0, "round1": 0.0, "seed": 16, "round3": 0.0, "round2": 0.0, "name": "Austin Peay", "round6": 0.0, "rating": 0.383147}}, "midwest": {"1": {"round4": 0.43108027, "round5": 0.2465859, "round1": 1.0, "seed": 1, "round3": 0.64717901, "round2": 1.0, "name": "Virginia", "round6": 0.13397895, "rating": 0.948189}, "2": {"round4": 0.0, "round5": 0.0, "round1": 0.0, "seed": 2, "round3": 0.0, "round2": 0.0, "name": "Michigan St.", "round6": 0.0, "rating": 0.945019}, "3": {"round4": 0.0, "round5": 0.0, "round1": 1.0, "seed": 3, "round3": 0.0, "round2": 0.0, "name": "Utah", "round6": 0.0, "rating": 0.854671}, "4": {"round4": 0.19451185, "round5": 0.08483898, "round1": 1.0, "seed": 4, "round3": 0.35282099, "round2": 1.0, "name": "Iowa St.", "round6": 0.03548987, "rating": 0.891989}, "5": {"round4": 0.0, "round5": 0.0, "round1": 0.0, "seed": 5, "round3": 0.0, "round2": 0.0, "name": "Purdue", "round6": 0.0, "rating": 0.907842}, "6": {"round4": 0.0, "round5": 0.0, "round1": 0.0, "seed": 6, "round3": 0.0, "round2": 0.0, "name": "Seton Hall", "round6": 0.0, "rating": 0.867337}, "7": {"round4": 0.0, "round5": 0.0, "round1": 0.0, "seed": 7, "round3": 0.0, "round2": 0.0, "name": "Dayton", "round6": 0.0, "rating": 0.780893}, "8": {"round4": 0.0, "round5": 0.0, "round1": 0.0, "seed": 8, "round3": 0.0, "round2": 0.0, "name": "Texas Tech", "round6": 0.0, "rating": 0.809597}, "9": {"round4": 0.0, "round5": 0.0, "round1": 1.0, "seed": 9, "round3": 0.0, "round2": 0.0, "name": "Butler", "round6": 0.0, "rating": 0.812995}, "10": {"round4": 0.20271028, "round5": 0.08368597, "round1": 1.0, "seed": 10, "round3": 0.52782388, "round2": 1.0, "name": "Syracuse", "round6": 0.03322294, "rating": 0.811142}, "11": {"round4": 0.1716976, "round5": 0.07363845, "round1": 1.0, "seed": 11, "round3": 0.47217612, "round2": 1.0, "name": "Gonzaga", "round6": 0.03031448, "rating": 0.860704}, "12": {"round4": 0.0, "round5": 0.0, "round1": 1.0, "seed": 12, "round3": 0.0, "round2": 0.0, "name": "Arkansas Little Rock", "round6": 0.0, "rating": 0.798066}, "13": {"round4": 0.0, "round5": 0.0, "round1": 0.0, "seed": 13, "round3": 0.0, "round2": 0.0, "name": "Iona", "round6": 0.0, "rating": 0.73033}, "14": {"round4": 0.0, "round5": 0.0, "round1": 0.0, "seed": 14, "round3": 0.0, "round2": 0.0, "name": "Fresno St.", "round6": 0.0, "rating": 0.659141}, "15": {"round4": 0.0, "round5": 0.0, "round1": 1.0, "seed": 15, "round3": 0.0, "round2": 0.0, "name": "Middle Tennessee", "round6": 0.0, "rating": 0.593512}, "16": {"round4": 0.0, "round5": 0.0, "round1": 0.0, "seed": 16, "round3": 0.0, "round2": 0.0, "name": "Hampton", "round6": 0.0, "rating": 0.366998}}, "west": {"1": {"round4": 0.27332214, "round5": 0.08284179, "round1": 1.0, "seed": 1, "round3": 0.56596292, "round2": 1.0, "name": "Oregon", "round6": 0.03067711, "rating": 0.912309}, "2": {"round4": 0.34683114, "round5": 0.14926433, "round1": 1.0, "seed": 2, "round3": 0.60538521, "round2": 1.0, "name": "Oklahoma", "round6": 0.07355848, "rating": 0.919907}, "3": {"round4": 0.19276309, "round5": 0.07872157, "round1": 1.0, "seed": 3, "round3": 0.39461479, "round2": 1.0, "name": "Texas A&M", "round6": 0.037188, "rating": 0.892642}, "4": {"round4": 0.18708363, "round5": 0.06431861, "round1": 1.0, "seed": 4, "round3": 0.43403708, "round2": 1.0, "name": "Duke", "round6": 0.02641795, "rating": 0.875167}, "5": {"round4": 0.0, "round5": 0.0, "round1": 0.0, "seed": 5, "round3": 0.0, "round2": 0.0, "name": "Baylor", "round6": 0.0, "rating": 0.870648}, "6": {"round4": 0.0, "round5": 0.0, "round1": 0.0, "seed": 6, "round3": 0.0, "round2": 0.0, "name": "Texas", "round6": 0.0, "rating": 0.848832}, "7": {"round4": 0.0, "round5": 0.0, "round1": 0.0, "seed": 7, "round3": 0.0, "round2": 0.0, "name": "Oregon St.", "round6": 0.0, "rating": 0.768946}, "8": {"round4": 0.0, "round5": 0.0, "round1": 1.0, "seed": 8, "round3": 0.0, "round2": 0.0, "name": "Saint Joseph's", "round6": 0.0, "rating": 0.816072}, "9": {"round4": 0.0, "round5": 0.0, "round1": 0.0, "seed": 9, "round3": 0.0, "round2": 0.0, "name": "Cincinnati", "round6": 0.0, "rating": 0.841554}, "10": {"round4": 0.0, "round5": 0.0, "round1": 1.0, "seed": 10, "round3": 0.0, "round2": 0.0, "name": "VCU", "round6": 0.0, "rating": 0.826164}, "11": {"round4": 0.0, "round5": 0.0, "round1": 1.0, "seed": 11, "round3": 0.0, "round2": 0.0, "name": "Northern Iowa", "round6": 0.0, "rating": 0.723906}, "12": {"round4": 0.0, "round5": 0.0, "round1": 1.0, "seed": 12, "round3": 0.0, "round2": 0.0, "name": "Yale", "round6": 0.0, "rating": 0.81255}, "13": {"round4": 0.0, "round5": 0.0, "round1": 0.0, "seed": 13, "round3": 0.0, "round2": 0.0, "name": "UNC Wilmington", "round6": 0.0, "rating": 0.72885}, "14": {"round4": 0.0, "round5": 0.0, "round1": 0.0, "seed": 14, "round3": 0.0, "round2": 0.0, "name": "Green Bay", "round6": 0.0, "rating": 0.619562}, "15": {"round4": 0.0, "round5": 0.0, "round1": 0.0, "seed": 15, "round3": 0.0, "round2": 0.0, "name": "Cal St. Bakersfield", "round6": 0.0, "rating": 0.687313}, "16": {"round4": 0.0, "round5": 0.0, "round1": 0.0, "seed": 16, "round3": 0.0, "round2": 0.0, "name": "Holy Cross", "round6": 0.0, "rating": 0.268646}}, "east": {"1": {"round4": 0.59224074, "round5": 0.3531574, "round1": 1.0, "seed": 1, "round3": 0.73008775, "round2": 1.0, "name": "North Carolina", "round6": 0.19493879, "rating": 0.940687}, "2": {"round4": 0.0, "round5": 0.0, "round1": 1.0, "seed": 2, "round3": 0.0, "round2": 0.0, "name": "Xavier", "round6": 0.0, "rating": 0.894647}, "3": {"round4": 0.0, "round5": 0.0, "round1": 0.0, "seed": 3, "round3": 0.0, "round2": 0.0,