{"west": {"1": {"rating": 0.961498, "name": "Wisconsin", "seed": 1, "round6": 0.101661504251, "round4": 0.33474307818, "round5": 0.160805976497, "round2": 0.8527395642, "round3": 0.631249636395, "round1": 0.984445020667}, "2": {"rating": 0.967408, "name": "Arizona", "seed": 2, "round6": 0.0946390942689, "round4": 0.465234653569, "round5": 0.17807533717, "round2": 0.805944519463, "round3": 0.71532051886, "round1": 1.0}, "3": {"rating": 0.903813, "name": "Baylor", "seed": 3, "round6": 0.0, "round4": 0.0, "round5": 0.0, "round2": 0.0, "round3": 0.0, "round1": 0.0}, "4": {"rating": 0.901882, "name": "North Carolina", "seed": 4, "round6": 0.01059043779, "round4": 0.0791218325189, "round5": 0.0239113476544, "round2": 0.673780947904, "round3": 0.228180869243, "round1": 1.0}, "5": {"rating": 0.841594, "name": "Arkansas", "seed": 5, "round6": 0.00150006104858, "round4": 0.0221642047674, "round5": 0.00458512298771, "round2": 0.326219052096, "round3": 0.0824740594093, "round1": 1.0}, "6": {"rating": 0.851793, "name": "Xavier", "seed": 6, "round6": 0.00399235634417, "round4": 0.0392181953885, "round5": 0.0101164445509, "round2": 0.695213505689, "round3": 0.134740613349, "round1": 1.0}, "7": {"rating": 0.839998, "name": "VCU", "seed": 7, "round6": 0.0, "round4": 0.0, "round5": 0.0, "round2": 0.0, "round3": 0.0, "round1": 0.0}, "8": {"rating": 0.797249, "name": "Oregon", "seed": 8, "round6": 0.000151425498865, "round4": 0.00506421271301, "round5": 0.000669172388016, "round2": 0.0477514944956, "round3": 0.0198243666827, "round1": 0.406109460658}, "9": {"rating": 0.814084, "name": "Oklahoma St.", "seed": 9, "round6": 0.000440598770755, "round4": 0.00908046761159, "round5": 0.00156132305217, "round2": 0.0964505014782, "round3": 0.0379051461035, "round1": 0.593890539342}, "10": {"rating": 0.868025, "name": "Ohio St.", "seed": 10, "round6": 0.004970552972, "round4": 0.0414421499328, "round5": 0.0117493490004, "round2": 0.194055480537, "round3": 0.123688839811, "round1": 1.0}, "11": {"rating": 0.799554, "name": "Mississippi", "seed": 11, "round6": 0.0, "round4": 0.0, "round5": 0.0, "round2": 0.0, "round3": 0.0, "round1": 0.0}, "12": {"rating": 0.661733, "name": "Wofford", "seed": 12, "round6": 0.0, "round4": 0.0, "round5": 0.0, "round2": 0.0, "round3": 0.0, "round1": 0.0}, "13": {"rating": 0.705859, "name": "Harvard", "seed": 13, "round6": 0.0, "round4": 0.0, "round5": 0.0, "round2": 0.0, "round3": 0.0, "round1": 0.0}, "14": {"rating": 0.734432, "name": "Georgia St.", "seed": 14, "round6": 9.22285052841e-05, "round4": 0.0039048401971, "round5": 0.000454033466083, "round2": 0.304786494311, "round3": 0.0262500279809, "round1": 1.0}, "15": {"rating": 0.411073, "name": "Texas Southern", "seed": 15, "round6": 0.0, "round4": 0.0, "round5": 0.0, "round2": 0.0, "round3": 0.0, "round1": 0.0}, "16": {"rating": 0.537123, "name": "Coast. Car.", "seed": 16, "round6": 1.87237057942e-07, "round4": 2.6365121085e-05, "round5": 1.59991902644e-06, "round2": 0.00305843982618, "round3": 0.000365922165567, "round1": 0.0155549793334}}, "east": {"1": {"rating": 0.957101, "name": "Villanova", "seed": 1, "round6": 0.160104316815, "round4": 0.522272344626, "round5": 0.354868394316, "round2": 0.875217659775, "round3": 0.740641297002, "round1": 1.0}, "2": {"rating": 0.958719, "name": "Virginia", "seed": 2, "round6": 0.0629510559057, "round4": 0.236303125201, "round5": 0.152083718057, "round2": 0.70911376014, "round3": 0.509060224177, "round1": 0.96373165892}, "3": {"rating": 0.915002, "name": "Oklahoma", "seed": 3, "round6": 0.00983619964448, "round4": 0.0702857186738, "round5": 0.0346392434332, "round2": 0.579873082674, "round3": 0.217450887175, "round1": 0.90189781321}, "4": {"rating": 0.875558, "name": "Louisville", "seed": 4, "round6": 0.00361524548182, "round4": 0.0289952752962, "round5": 0.0135823153851, "round2": 0.354826213661, "round3": 0.0771138842568, "round1": 0.744975249321}, "5": {"rating": 0.908038, "name": "Northern Iowa", "seed": 5, "round6": 0.00432852525177, "round4": 0.0429847775581, "round5": 0.01834928805, "round2": 0.579438001414, "round3": 0.119070613263, "round1": 1.0}, "6": {"rating": 0.845836, "name": "Providence", "seed": 6, "round6": 0.0012360682197, "round4": 0.0183351848515, "round5": 0.00656419585927, "round2": 0.208248345566, "round3": 0.066149943057, "round1": 0.51361263507}, "7": {"rating": 0.878567, "name": "Michigan St.", "seed": 7, "round6": 0.00773270787755, "round4": 0.0530629520938, "round5": 0.0265744758479, "round2": 0.285158327598, "round3": 0.162016496154, "round1": 1.0}, "8": {"rating": 0.811134, "name": "North Carolina St.", "seed": 8, "round6": 0.00116554690455, "round4": 0.0187169596322, "round5": 0.00648023929962, "round2": 0.124782340225, "round3": 0.0593961495943, "round1": 1.0}, "9": {"rating": 0.800599, "name": "LSU", "seed": 9, "round6": 0.0, "round4": 0.0, "round5": 0.0, "round2": 0.0, "round3": 0.0, "round1": 0.0}, "10": {"rating": 0.817751, "name": "Georgia", "seed": 10, "round6": 0.0, "round4": 0.0, "round5": 0.0, "round2": 0.0, "round3": 0.0, "round1": 0.0}, "11": {"rating": 0.805731, "name": "Dayton", "seed": 11, "round6": 0.000541244808906, "round4": 0.0081832442325, "round5": 0.00290618702239, "round2": 0.191097192868, "round3": 0.0418192293118, "round1": 0.48638736493}, "12": {"rating": 0.637277, "name": "Wyoming", "seed": 12, "round6": 0.0, "round4": 0.0, "round5": 0.0, "round2": 0.0, "round3": 0.0, "round1": 0.0}, "13": {"rating": 0.655936, "name": "UC Irvine", "seed": 13, "round6": 6.70381795475e-06, "round4": 0.000492691709726, "round5": 8.4761717827e-05, "round2": 0.0657357849247, "round3": 0.00377805588409, "round1": 0.255024750679}, "14": {"rating": 0.568562, "name": "Albany", "seed": 14, "round6": 2.80860876539e-06, "round4": 0.000273691558459, "round5": 4.12202494207e-05, "round2": 0.0207813788918, "round3": 0.0024252579943, "round1": 0.0981021867898}, "15": {"rating": 0.536296, "name": "Belmont", "seed": 15, "round6": 1.52416838557e-06, "round4": 9.40345673123e-05, "round5": 1.74807341159e-05, "round2": 0.00572791226218, "round3": 0.00107796213036, "round1": 0.0362683410801}, "16": {"rating": 0.428496, "name": "Lafayette", "seed": 16, "round6": 0.0, "round4": 0.0, "round5": 0.0, "round2": 0.0, "round3": 0.0, "round1": 0.0}}, "midwest": {"1": {"rating": 0.978741, "name": "Kentucky", "seed": 1, "round6": 0.36763200963, "round4": 0.705703774462, "round5": 0.502431152844, "round2": 0.935452437564, "round3": 0.840455479276, "round1": 1.0}, "2": {"rating": 0.911139, "name": "Kansas", "seed": 2, "round6": 0.0142052858827, "round4": 0.0801330581853, "round5": 0.0320536318329, "round2": 0.605373411161, "round3": 0.328457217123, "round1": 1.0}, "3": {"rating": 0.912696, "name": "Notre Dame", "seed": 3, "round6": 0.0127314400196, "round4": 0.0776626393612, "round5": 0.0298916594125, "round2": 0.624656601983, "round3": 0.325307889739, "round1": 1.0}, "4": {"rating": 0.828921, "name": "Maryland", "seed": 4, "round6": 0.00212858694688, "round4": 0.0234251192773, "round5": 0.00655090149754, "round2": 0.382712018173, "round3": 0.0520310914528, "round1": 0.71732975654}, "5": {"rating": 0.85386, "name": "West Virginia", "seed": 5, "round6": 0.00288157559251, "round4": 0.0280459671811, "round5": 0.00837707167758, "round2": 0.391825246624, "round3": 0.0588691189949, "round1": 0.682463058399}, "6": {"rating": 0.862402, "name": "Butler", "seed": 6, "round6": 0.00461071566454, "round4": 0.0284960450638, "round5": 0.0108306606542, "round2": 0.375343398017, "round3": 0.15809376854, "round1": 1.0}, "7": {"rating": 0.904421, "name": "Wichita St.", "seed": 7, "round6": 0.00482700417558, "round4": 0.0340562404565, "round5": 0.0120814902821, "round2": 0.320553931134, "round3": 0.159048458789, "round1": 0.715652526737}, "8": {"rating": 0.824163, "name": "Cincinnati", "seed": 8, "round6": 0.00107732085858, "round4": 0.0123067765301, "round5": 0.00337149374105, "round2": 0.0645475624357, "round3": 0.0312989365882, "round1": 1.0}, "9": {"rating": 0.782485,