{"west": {"1": {"rating": 0.954008, "name": "Arizona", "seed": 1, "round6": 0.13, "round4": 0.42, "round5": 0.23, "round2": 0.73, "round3": 0.58, "round1": 0.98}, "2": {"rating": 0.900041, "name": "Wisconsin", "seed": 2, "round6": 0.03, "round4": 0.16, "round5": 0.07, "round2": 0.72, "round3": 0.4, "round1": 0.93}, "3": {"rating": 0.912125, "name": "Creighton", "seed": 3, "round6": 0.03, "round4": 0.12, "round5": 0.05, "round2": 0.54, "round3": 0.3, "round1": 0.88}, "4": {"rating": 0.878742, "name": "San Diego St.", "seed": 4, "round6": 0.001, "round4": 0.08, "round5": 0.02, "round2": 0.43, "round3": 0.14, "round1": 0.75}, "5": {"rating": 0.853823, "name": "Oklahoma", "seed": 5, "round6": 0.001, "round4": 0.03, "round5": 0.01, "round2": 0.33, "round3": 0.08, "round1": 0.64}, "6": {"rating": 0.849215, "name": "Baylor", "seed": 6, "round6": 0.001, "round4": 0.04, "round5": 0.02, "round2": 0.34, "round3": 0.14, "round1": 0.7}, "7": {"rating": 0.852369, "name": "Oregon", "seed": 7, "round6": 0.001, "round4": 0.04, "round5": 0.01, "round2": 0.19, "round3": 0.1, "round1": 0.65}, "8": {"rating": 0.88043, "name": "Gonzaga", "seed": 8, "round6": 0.001, "round4": 0.04, "round5": 0.01, "round2": 0.13, "round3": 0.08, "round1": 0.48}, "9": {"rating": 0.878008, "name": "Oklahoma St.", "seed": 9, "round6": 0.01, "round4": 0.05, "round5": 0.02, "round2": 0.14, "round3": 0.09, "round1": 0.52}, "10": {"rating": 0.791935, "name": "BYU", "seed": 10, "round6": 0.001, "round4": 0.001, "round5": 0.001, "round2": 0.07, "round3": 0.03, "round1": 0.35}, "11": {"rating": 0.797732, "name": "Nebraska", "seed": 11, "round6": 0.001, "round4": 0.001, "round5": 0.001, "round2": 0.09, "round3": 0.03, "round1": 0.3}, "12": {"rating": 0.771279, "name": "ND State", "seed": 12, "round6": 0.001, "round4": 0.001, "round5": 0.001, "round2": 0.15, "round3": 0.02, "round1": 0.36}, "13": {"rating": 0.732527, "name": "NM State", "seed": 13, "round6": 0.001, "round4": 0.001, "round5": 0.001, "round2": 0.09, "round3": 0.01, "round1": 0.25}, "14": {"rating": 0.610575, "name": "Louisiana Laf.", "seed": 14, "round6": 0.001, "round4": 0.001, "round5": 0.001, "round2": 0.03, "round3": 0.001, "round1": 0.12}, "15": {"rating": 0.660846, "name": "American", "seed": 15, "round6": 0.001, "round4": 0.001, "round5": 0.001, "round2": 0.02, "round3": 0.001, "round1": 0.07}, "16": {"rating": 0.47817, "name": "Weber St.", "seed": 16, "round6": 0.001, "round4": 0.001, "round5": 0.001, "round2": 0.001, "round3": 0.001, "round1": 0.02}}, "east": {"1": {"rating": 0.941844, "name": "Virginia", "seed": 1, "round6": 0.06, "round4": 0.23, "round5": 0.12, "round2": 0.71, "round3": 0.39, "round1": 0.96}, "2": {"rating": 0.919584, "name": "Villanova", "seed": 2, "round6": 0.04, "round4": 0.21, "round5": 0.09, "round2": 0.64, "round3": 0.41, "round1": 0.95}, "3": {"rating": 0.875773, "name": "Iowa St.", "seed": 3, "round6": 0.01, "round4": 0.08, "round5": 0.03, "round2": 0.46, "round3": 0.2, "round1": 0.81}, "4": {"rating": 0.903769, "name": "Michigan St.", "seed": 4, "round6": 0.06, "round4": 0.24, "round5": 0.12, "round2": 0.66, "round3": 0.39, "round1": 0.91}, "5": {"rating": 0.870062, "name": "Cincinnati", "seed": 5, "round6": 0.001, "round4": 0.03, "round5": 0.01, "round2": 0.2, "round3": 0.08, "round1": 0.58}, "6": {"rating": 0.864508, "name": "North Carolina", "seed": 6, "round6": 0.001, "round4": 0.06, "round5": 0.02, "round2": 0.36, "round3": 0.16, "round1": 0.68}, "7": {"rating": 0.86882, "name": "Connecticut", "seed": 7, "round6": 0.001, "round4": 0.06, "round5": 0.02, "round2": 0.26, "round3": 0.14, "round1": 0.67}, "8": {"rating": 0.801974, "name": "Memphis", "seed": 8, "round6": 0.001, "round4": 0.02, "round5": 0.001, "round2": 0.17, "round3": 0.06, "round1": 0.55}, "9": {"rating": 0.801717, "name": "George Wash.", "seed": 9, "round6": 0.001, "round4": 0.01, "round5": 0.001, "round2": 0.12, "round3": 0.04, "round1": 0.45}, "10": {"rating": 0.793494, "name": "St. Joseph's", "seed": 10, "round6": 0.001, "round4": 0.001, "round5": 0.001, "round2": 0.08, "round3": 0.03, "round1": 0.33}, "11": {"rating": 0.811746, "name": "Providence", "seed": 11, "round6": 0.001, "round4": 0.01, "round5": 0.001, "round2": 0.12, "round3": 0.04, "round1": 0.32}, "12": {"rating": 0.840196, "name": "Harvard", "seed": 12, "round6": 0.001, "round4": 0.02, "round5": 0.001, "round2": 0.12, "round3": 0.04, "round1": 0.42}, "13": {"rating": 0.636638, "name": "Delaware", "seed": 13, "round6": 0.001, "round4": 0.001, "round5": 0.001, "round2": 0.02, "round3": 0.001, "round1": 0.09}, "14": {"rating": 0.718779, "name": "NC Central", "seed": 14, "round6": 0.001, "round4": 0.001, "round5": 0.001, "round2": 0.05, "round3": 0.01, "round1": 0.19}, "15": {"rating": 0.489059, "name": "Milwaukee", "seed": 15, "round6": 0.001, "round4": 0.001, "round5": 0.001, "round2": 0.001, "round3": 0.001, "round1": 0.05}, "16": {"rating": 0.355172, "name": "Coast. Car.", "seed": 16, "round6": 0.001, "round4": 0.001, "round5": 0.001, "round2": 0.001, "round3": 0.001, "round1": 0.04}}, "midwest": {"1": {"rating": 0.939932, "name": "Wichita St.", "seed": 1, "round6": 0.05, "round4": 0.14, "round5": 0.08, "round2": 0.59, "round3": 0.24, "round1": 0.98}, "2": {"rating": 0.893452, "name": "Michigan", "seed": 2, "round6": 0.03, "round4": 0.14, "round5": 0.06, "round2": 0.74, "round3": 0.37, "round1": 0.95}, "3": {"rating": 0.912629, "name": "Duke", "seed": 3, "round6": 0.04, "round4": 0.17, "round5": 0.09, "round2": 0.68, "round3": 0.42, "round1": 0.93}, "4": {"rating": 0.951519, "name": "Louisville", "seed": 4, "round6": 0.15, "round4": 0.38, "round5": 0.24, "round2": 0.78, "round3": 0.54, "round1": 0.93}, "5": {"rating": 0.828659, "name": "Saint Louis", "seed": 5, "round6": 0.001, "round4": 0.02, "round5": 0.001, "round2": 0.12, "round3": 0.04, "round1": 0.58}, "6": {"rating": 0.785968, "name": "UMass", "seed": 6, "round6": 0.001, "round4": 0.001, "round5": 0.001, "round2": 0.06, "round3": 0.02, "round1": 0.29}, "7": {"rating": 0.813654, "name": "Texas", "seed": 7, "round6": 0.001, "round4": 0.001, "round5": 0.001, "round2": 0.13, "round3": 0.03, "round1": 0.5}, "8": {"rating": 0.884397, "name": "Kentucky", "seed": 8, "round6": 0.02, "round4": 0.08, "round5": 0.04, "round2": 0.34, "round3": 0.14, "round1": 0.74}, "9": {"rating": 0.804107, "name": "Kansas St.", "seed": 9, "round6": 0.001, "round4": 0.001, "round5": 0.001, "round2": 0.07, "round3": 0.01, "round1": 0.26}, "10": {"rating": 0.800881, "name": "Arizona St.", "seed": 10, "round6": 0.001, "round4": 0.001, "round5": 0.001, "round2": 0.12, "round3": 0.03, "round1": 0.5}, "11": {"rating": 0.8968, "name": "Tennessee", "seed": 11, "round6": 0.001, "round4": 0.04, "round5": 0.02, "round2": 0.24, "round3": 0.13, "round1": 0.71}, "12": {"rating": 0.746184, "name": "NC State", "seed": 12, "round6": 0.001, "round4": 0.001, "round5": 0.001, "round2": 0.07, "round3": 0.02, "round1": 0.42}, "13": {"rating": 0.743275, "name": "Manhattan", "seed": 13, "round6": 0.001, "round4": 0.001, "round5": 0.001, "round2": 0.03, "round3": 0.001, "round1": 0.07}, "14": {"rating": 0.657894, "name": "Mercer", "seed": 14, "round6": 0.001, "round4": 0.001, "round5": 0.001, "round2": 0.02, "round3": 0.001, "round1": 0.07}, "15": {"rating": 0.448201, "name": "Wofford", "seed": 15, "round6": 0.001, "round4": 0.001, "round5": 0.001, "round2": 0.01, "round3": 0.001, "round1": 0.05}, "16": {"rating": 0.469726, "name": "Cal Poly", "seed": 16, "round6": 0.001, "round4": 0.001, "round5": 0.001, "round2": 0.001, "round3": 0.001, "round1": 0.02}}, "south": {"1": {"rating": 0.947584, "name": "Florida", "seed": 1, "round6": 0.14, "round4": 0.41, "round5": 0.26, "round2": 0.84, "round3": 0.62, "round1": 0.99}, "2": {"rating": 0.91084, "name": "Kansas", "seed": 2, "round6": 0.06, "round4": 0.21, "round5": 0.12, "round2": 0.67, "round3": 0.42, "round1": 0.92}, "3": {"rating": 0.892538, "name": "Syracuse", "seed": 3, "round6": 0.01, "round4": 0.09,