{"west": {"1": {"rating": 0.961498, "name": "Wisconsin", "seed": 1, "round6": 0.0961670607889, "round4": 0.326072863554, "round5": 0.147209788479, "round2": 0.858415404845, "round3": 0.632155311144, "round1": 0.98533937085}, "2": {"rating": 0.967408, "name": "Arizona", "seed": 2, "round6": 0.0961763644335, "round4": 0.460436748713, "round5": 0.169639457793, "round2": 0.823399325526, "round3": 0.699790606329, "round1": 0.993295046111}, "3": {"rating": 0.903813, "name": "Baylor", "seed": 3, "round6": 0.00418037754168, "round4": 0.0472980810043, "round5": 0.010610563851, "round2": 0.469884930802, "round3": 0.124959144499, "round1": 0.758454213021}, "4": {"rating": 0.901882, "name": "North Carolina", "seed": 4, "round6": 0.0121324433556, "round4": 0.081823797401, "round5": 0.024654688929, "round2": 0.638372298534, "round3": 0.229908428881, "round1": 0.868066821461}, "5": {"rating": 0.841594, "name": "Arkansas", "seed": 5, "round6": 0.00142138493327, "round4": 0.0194101918657, "round5": 0.0039131419474, "round2": 0.27281289565, "round3": 0.0721096879296, "round1": 0.760941357071}, "6": {"rating": 0.851793, "name": "Xavier", "seed": 6, "round6": 0.00105663122508, "round4": 0.011926886295, "round5": 0.00267270522995, "round2": 0.257838264755, "round3": 0.0446084737467, "round1": 0.55851254097}, "7": {"rating": 0.839998, "name": "VCU", "seed": 7, "round6": 0.000347809577934, "round4": 0.00551527162291, "round5": 0.001019970884, "round2": 0.046666780487, "round3": 0.0215374059361, "round1": 0.363931963147}, "8": {"rating": 0.797249, "name": "Oregon", "seed": 8, "round6": 0.000133221607083, "round4": 0.00463681673861, "round5": 0.000556255613518, "round2": 0.045799075556, "round3": 0.0192270220493, "round1": 0.406109460658}, "9": {"rating": 0.814084, "name": "Oklahoma St.", "seed": 9, "round6": 0.000389120640981, "round4": 0.00834478394926, "round5": 0.00130720795527, "round2": 0.0928975800898, "round3": 0.0370000657065, "round1": 0.593890539342}, "10": {"rating": 0.868025, "name": "Ohio St.", "seed": 10, "round6": 0.00337138823957, "round4": 0.0260216251124, "round5": 0.00724018718662, "round2": 0.129281076435, "round3": 0.0745305304109, "round1": 0.636068036853}, "11": {"rating": 0.839548, "name": "BYU", "seed": 11, "round6": 0.0, "round4": 0.0, "round5": 0.0, "round2": 0.0, "round3": 0.0, "round1": 0.0}, "12": {"rating": 0.661733, "name": "Wofford", "seed": 12, "round6": 5.32010730728e-06, "round4": 0.00034268200743, "round5": 2.93173665889e-05, "round2": 0.0405471838166, "round3": 0.00347307535692, "round1": 0.239058642929}, "13": {"rating": 0.705859, "name": "Harvard", "seed": 13, "round6": 1.78742904391e-05, "round4": 0.000762181666963, "round5": 8.16068181105e-05, "round2": 0.0482676219992, "round3": 0.00575229233807, "round1": 0.131933178539}, "14": {"rating": 0.734432, "name": "Georgia St.", "seed": 14, "round6": 3.07492136207e-05, "round4": 0.00122120870363, "round5": 0.000136014515516, "round2": 0.0901225342638, "round3": 0.0079835416373, "round1": 0.241545786979}, "15": {"rating": 0.411073, "name": "Texas Southern", "seed": 15, "round6": 1.21651752298e-08, "round4": 4.90636697265e-06, "round5": 1.56581235306e-07, "round2": 0.000652817552044, "round3": 8.71044151874e-05, "round1": 0.00670495388921}, "16": {"rating": 0.537123, "name": "Coast. Car.", "seed": 16, "round6": 1.60830831381e-07, "round4": 2.39365048184e-05, "round5": 1.30062825947e-06, "round2": 0.00288793950914, "round3": 0.000374116594834, "round1": 0.0146606291499}}, "east": {"1": {"rating": 0.957101, "name": "Villanova", "seed": 1, "round6": 0.109491518021, "round4": 0.463064371585, "round5": 0.287415908446, "round2": 0.839207965068, "round3": 0.699191049384, "round1": 0.984937649869}, "2": {"rating": 0.958719, "name": "Virginia", "seed": 2, "round6": 0.0666250314209, "round4": 0.271467783933, "round5": 0.170903736834, "round2": 0.733605891718, "round3": 0.525488797154, "round1": 0.96373165892}, "3": {"rating": 0.915002, "name": "Oklahoma", "seed": 3, "round6": 0.0104370775399, "round4": 0.0825851188457, "round5": 0.0394109359469, "round2": 0.579873082674, "round3": 0.222516267676, "round1": 0.90189781321}, "4": {"rating": 0.875558, "name": "Louisville", "seed": 4, "round6": 0.00438053847666, "round4": 0.0399896132198, "round5": 0.0179216773292, "round2": 0.414170735043, "round3": 0.106952784078, "round1": 0.754857085264}, "5": {"rating": 0.908038, "name": "Northern Iowa", "seed": 5, "round6": 0.00290101983717, "round4": 0.0352007354834, "round5": 0.0139343105266, "round2": 0.42529225224, "round3": 0.100878942209, "round1": 0.752684555768}, "6": {"rating": 0.845836, "name": "Providence", "seed": 6, "round6": 0.00130101346907, "round4": 0.0218795394463, "round5": 0.00748267042365, "round2": 0.208248345566, "round3": 0.0680339170534, "round1": 0.51361263507}, "7": {"rating": 0.878567, "name": "Michigan St.", "seed": 7, "round6": 0.00550537818273, "round4": 0.0400197760385, "round5": 0.0197674705678, "round2": 0.181358984927, "round3": 0.104379997206, "round1": 0.62245189415}, "8": {"rating": 0.811134, "name": "North Carolina St.", "seed": 8, "round6": 0.00114669130154, "round4": 0.0185349730084, "round5": 0.00645157124023, "round2": 0.104244815143, "round3": 0.0554346545427, "round1": 0.589299423188}, "9": {"rating": 0.800599, "name": "LSU", "seed": 9, "round6": 0.000340155712031, "round4": 0.00681076530323, "round5": 0.00214937546105, "round2": 0.0538941231495, "round3": 0.0247931581978, "round1": 0.410700576812}, "10": {"rating": 0.817751, "name": "Georgia", "seed": 10, "round6": 0.000493120773401, "round4": 0.00817884405851, "round5": 0.00280937002804, "round2": 0.0784394768118, "round3": 0.0322334566476, "round1": 0.37754810585}, "11": {"rating": 0.805731, "name": "Dayton", "seed": 11, "round6": 0.000586976896451, "round4": 0.0100926250907, "round5": 0.00341906516471, "round2": 0.191097192868, "round3": 0.0435378919942, "round1": 0.48638736493}, "12": {"rating": 0.637277, "name": "Wyoming", "seed": 12, "round6": 1.26188864857e-05, "round4": 0.000952229981293, "round5": 0.000162535023799, "round2": 0.0827307269499, "round3": 0.00672482046422, "round1": 0.247315444232}, "13": {"rating": 0.655936, "name": "UC Irvine", "seed": 13, "round6": 7.13349297829e-06, "round4": 0.000682357657217, "round5": 0.00010412314697, "round2": 0.0778062857676, "round3": 0.00547259128713, "round1": 0.245142914736}, "14": {"rating": 0.568562, "name": "Albany", "seed": 14, "round6": 3.028357927e-06, "round4": 0.000354657973171, "round5": 4.90697322916e-05, "round2": 0.0207813788918, "round3": 0.00258330516097, "round1": 0.0981021867898}, "15": {"rating": 0.536296, "name": "Belmont", "seed": 15, "round6": 1.77009490662e-06, "round4": 0.00013105454991, "round5": 2.24733240063e-05, "round2": 0.0065956465433, "round3": 0.00122636710818, "round1": 0.0362683410801}, "16": {"rating": 0.428496, "name": "Lafayette", "seed": 16, "round6": 2.0050119009e-07, "round4": 5.5553825819e-05, "round5": 5.08037389862e-06, "round2": 0.00265309663976, "round3": 0.000551999837886, "round1": 0.0150623501314}}, "midwest": {"1": {"rating": 0.978741, "name": "Kentucky", "seed": 1, "round6": 0.413195681303, "round4": 0.732191058659, "round5": 0.535161071576, "round2": 0.940663787245, "round3": 0.855848872555, "round1": 0.998983496996}, "2": {"rating": 0.911139, "name": "Kansas", "seed": 2, "round6": 0.0101785893512, "round4": 0.0590756952193, "round5": 0.0226124809995, "round2": 0.529509010378, "round3": 0.276414783632, "round1": 0.890706500186}, "3": {"rating": 0.912696, "name": "Notre Dame", "seed": 3, "round6": 0.0148234589682, "round4": 0.076339384605, "round5": 0.0311875043753, "round2": 0.565706816044, "round3": 0.322418108164, "round1": 0.899272913857}, "4": {"rating": 0.828921, "name": "Maryland", "seed": 4, "round6": 0.00199434765375, "round4": 0.0211621740139, "round5": 0.00583102211444, "round2": 0.386365553872, "round3": 0.0469119517188, "round1": 0.724672878302}, "5": {"rating": 0.85386, "name": "West Virginia",