{"west": {"1": {"rating": 0.961498, "name": "Wisconsin", "seed": 1, "round6": 0.102576344903, "round4": 0.33474307818, "round5": 0.161507967494, "round2": 0.8527395642, "round3": 0.631249636395, "round1": 0.984445020667}, "2": {"rating": 0.967408, "name": "Arizona", "seed": 2, "round6": 0.0957368792956, "round4": 0.465234653569, "round5": 0.179107403439, "round2": 0.805944519463, "round3": 0.71532051886, "round1": 1.0}, "3": {"rating": 0.903813, "name": "Baylor", "seed": 3, "round6": 0.0, "round4": 0.0, "round5": 0.0, "round2": 0.0, "round3": 0.0, "round1": 0.0}, "4": {"rating": 0.901882, "name": "North Carolina", "seed": 4, "round6": 0.0107404164059, "round4": 0.0791218325189, "round5": 0.0240847338782, "round2": 0.673780947904, "round3": 0.228180869243, "round1": 1.0}, "5": {"rating": 0.841594, "name": "Arkansas", "seed": 5, "round6": 0.00152712438969, "round4": 0.0221642047674, "round5": 0.00462852835043, "round2": 0.326219052096, "round3": 0.0824740594093, "round1": 1.0}, "6": {"rating": 0.851793, "name": "Xavier", "seed": 6, "round6": 0.00405536740958, "round4": 0.0392181953885, "round5": 0.0101993742939, "round2": 0.695213505689, "round3": 0.134740613349, "round1": 1.0}, "7": {"rating": 0.839998, "name": "VCU", "seed": 7, "round6": 0.0, "round4": 0.0, "round5": 0.0, "round2": 0.0, "round3": 0.0, "round1": 0.0}, "8": {"rating": 0.797249, "name": "Oregon", "seed": 8, "round6": 0.000154792333065, "round4": 0.00506421271301, "round5": 0.000677087141087, "round2": 0.0477514944956, "round3": 0.0198243666827, "round1": 0.406109460658}, "9": {"rating": 0.814084, "name": "Oklahoma St.", "seed": 9, "round6": 0.000449330638549, "round4": 0.00908046761159, "round5": 0.00157768308771, "round2": 0.0964505014782, "round3": 0.0379051461035, "round1": 0.593890539342}, "10": {"rating": 0.868025, "name": "Ohio St.", "seed": 10, "round6": 0.00504420648053, "round4": 0.0414421499328, "round5": 0.0118390683761, "round2": 0.194055480537, "round3": 0.123688839811, "round1": 1.0}, "11": {"rating": 0.799554, "name": "Mississippi", "seed": 11, "round6": 0.0, "round4": 0.0, "round5": 0.0, "round2": 0.0, "round3": 0.0, "round1": 0.0}, "12": {"rating": 0.661733, "name": "Wofford", "seed": 12, "round6": 0.0, "round4": 0.0, "round5": 0.0, "round2": 0.0, "round3": 0.0, "round1": 0.0}, "13": {"rating": 0.705859, "name": "Harvard", "seed": 13, "round6": 0.0, "round4": 0.0, "round5": 0.0, "round2": 0.0, "round3": 0.0, "round1": 0.0}, "14": {"rating": 0.734432, "name": "Georgia St.", "seed": 14, "round6": 9.43819484356e-05, "round4": 0.0039048401971, "round5": 0.000459682404046, "round2": 0.304786494311, "round3": 0.0262500279809, "round1": 1.0}, "15": {"rating": 0.411073, "name": "Texas Southern", "seed": 15, "round6": 0.0, "round4": 0.0, "round5": 0.0, "round2": 0.0, "round3": 0.0, "round1": 0.0}, "16": {"rating": 0.537123, "name": "Coast. Car.", "seed": 16, "round6": 1.92552966151e-07, "round4": 2.6365121085e-05, "round5": 1.62410585748e-06, "round2": 0.00305843982618, "round3": 0.000365922165567, "round1": 0.0155549793334}}, "east": {"1": {"rating": 0.957101, "name": "Villanova", "seed": 1, "round6": 0.162058592439, "round4": 0.526370218641, "round5": 0.357961842587, "round2": 0.875217659775, "round3": 0.737324717624, "round1": 1.0}, "2": {"rating": 0.958719, "name": "Virginia", "seed": 2, "round6": 0.056816486198, "round4": 0.227505747254, "round5": 0.14266071756, "round2": 0.720910059858, "round3": 0.506661559492, "round1": 1.0}, "3": {"rating": 0.915002, "name": "Oklahoma", "seed": 3, "round6": 0.0101307974905, "round4": 0.0719250335926, "round5": 0.0354938285301, "round2": 0.579873082674, "round3": 0.221398210664, "round1": 0.90189781321}, "4": {"rating": 0.875558, "name": "Louisville", "seed": 4, "round6": 0.00360638321486, "round4": 0.0327065966791, "round5": 0.0145363988788, "round2": 0.451679046834, "round3": 0.0907847075111, "round1": 1.0}, "5": {"rating": 0.908038, "name": "Northern Iowa", "seed": 5, "round6": 0.00438850103748, "round4": 0.0424436191768, "round5": 0.0182918303495, "round2": 0.548320953166, "round3": 0.114130235519, "round1": 1.0}, "6": {"rating": 0.845836, "name": "Providence", "seed": 6, "round6": 0.00127790806598, "round4": 0.0187834789775, "round5": 0.00673862487066, "round2": 0.208248345566, "round3": 0.0673730358333, "round1": 0.51361263507}, "7": {"rating": 0.878567, "name": "Michigan St.", "seed": 7, "round6": 0.00787343944469, "round4": 0.0529168340541, "round5": 0.0266933451844, "round2": 0.279089940142, "round3": 0.15954466479, "round1": 1.0}, "8": {"rating": 0.811134, "name": "North Carolina St.", "seed": 8, "round6": 0.00118395243609, "round4": 0.0186780630446, "round5": 0.00650388265188, "round2": 0.124782340225, "round3": 0.0577603393457, "round1": 1.0}, "9": {"rating": 0.800599, "name": "LSU", "seed": 9, "round6": 0.0, "round4": 0.0, "round5": 0.0, "round2": 0.0, "round3": 0.0, "round1": 0.0}, "10": {"rating": 0.817751, "name": "Georgia", "seed": 10, "round6": 0.0, "round4": 0.0, "round5": 0.0, "round2": 0.0, "round3": 0.0, "round1": 0.0}, "11": {"rating": 0.805731, "name": "Dayton", "seed": 11, "round6": 0.000561047456812, "round4": 0.00839054184798, "round5": 0.00298823254371, "round2": 0.191097192868, "round3": 0.0425656479592, "round1": 0.48638736493}, "12": {"rating": 0.637277, "name": "Wyoming", "seed": 12, "round6": 0.0, "round4": 0.0, "round5": 0.0, "round2": 0.0, "round3": 0.0, "round1": 0.0}, "13": {"rating": 0.655936, "name": "UC Irvine", "seed": 13, "round6": 0.0, "round4": 0.0, "round5": 0.0, "round2": 0.0, "round3": 0.0, "round1": 0.0}, "14": {"rating": 0.568562, "name": "Albany", "seed": 14, "round6": 2.93213352732e-06, "round4": 0.00027986673194, "round5": 4.24171580785e-05, "round2": 0.0207813788918, "round3": 0.00245688126103, "round1": 0.0981021867898}, "15": {"rating": 0.536296, "name": "Belmont", "seed": 15, "round6": 0.0, "round4": 0.0, "round5": 0.0, "round2": 0.0, "round3": 0.0, "round1": 0.0}, "16": {"rating": 0.428496, "name": "Lafayette", "seed": 16, "round6": 0.0, "round4": 0.0, "round5": 0.0, "round2": 0.0, "round3": 0.0, "round1": 0.0}}, "midwest": {"1": {"rating": 0.978741, "name": "Kentucky", "seed": 1, "round6": 0.366448709419, "round4": 0.699790986546, "round5": 0.49861912707, "round2": 0.935452437564, "round3": 0.83302225173, "round1": 1.0}, "2": {"rating": 0.911139, "name": "Kansas", "seed": 2, "round6": 0.0139655904336, "round4": 0.0768831265923, "round5": 0.0310312874349, "round2": 0.567484511402, "round3": 0.309938992365, "round1": 1.0}, "3": {"rating": 0.912696, "name": "Notre Dame", "seed": 3, "round6": 0.0129327122713, "round4": 0.0780815279804, "round5": 0.0300989868789, "round2": 0.624656601983, "round3": 0.32456528044, "round1": 1.0}, "4": {"rating": 0.828921, "name": "Maryland", "seed": 4, "round6": 0.00215732761555, "round4": 0.025999176165, "round5": 0.00690330622917, "round2": 0.471593784253, "round3": 0.0600981875179, "round1": 1.0}, "5": {"rating": 0.85386, "name": "West Virginia", "seed": 5, "round6": 0.00358254661691, "round4": 0.0361089968738, "round5": 0.0105441646116, "round2": 0.528406215747, "round3": 0.0771297207082, "round1": 1.0}, "6": {"rating": 0.862402, "name": "Butler", "seed": 6, "round6": 0.00468850872167, "round4": 0.0286422900545, "round5": 0.0109104279563, "round2": 0.375343398017, "round3": 0.157580479855, "round1": 1.0}, "7": {"rating": 0.904421, "name": "Wichita St.", "seed": 7, "round6": 0.00564607858269, "round4": 0.0427198102563, "round5": 0.0145544469418, "round2": 0.432515488598, "round3": 0.207915247339, "round1": 1.0}, "8": {"rating": 0.824163, "name": "Cincinnati", "seed": 8, "round6": 0.00105818816784, "round4": 0.0117740855318, "round5": 0.00325510030807, "round2": 0.0645475624357, "round3": 0.0297498400436, "round1": 1.0}, "9": {"rating": 0.782485, "name": "Purdue", "seed": 9, "round6": 0.0, "round4": 0.0, "round5": 0.0, "round2": 0.0, "round3": 0.0, "round1": 0.0}, "10": {"rating": 0.776209, "name": "Indiana", "seed": 10, "round6": 0.0,