{"east": {"1": {"round2": 0.90950657, "round1": 0.98853534, "name": "North Carolina", "round3": 0.60925768, "rating": 0.940687, "seed": 1, "round6": 0.14951423, "round5": 0.25887628, "round4": 0.43642396}, "2": {"round2": 0.59532198, "round1": 0.94127341, "name": "Xavier", "round3": 0.29417482, "rating": 0.894647, "seed": 2, "round6": 0.01808913, "round5": 0.04215533, "round4": 0.09856106}, "3": {"round2": 0.13936101, "round1": 0.64224564, "name": "West Virginia", "round3": 0.05726962, "rating": 0.923722, "seed": 3, "round6": 0.00017239, "round5": 0.00238677, "round4": 0.01165027}, "4": {"round2": 0.7654693, "round1": 0.98722942, "name": "Kentucky", "round3": 0.27424116, "rating": 0.920054, "seed": 4, "round6": 0.00335135, "round5": 0.03253187, "round4": 0.09448059}, "5": {"round2": 0.02149296, "round1": 0.48354377, "name": "Indiana", "round3": 0.00853758, "rating": 0.895935, "seed": 5, "round6": 2.048e-05, "round5": 0.00034486, "round4": 0.00157543}, "6": {"round2": 0.9540887, "round1": 0.99885466, "name": "Notre Dame", "round3": 0.82099031, "rating": 0.813109, "seed": 6, "round6": 0.08906982, "round5": 0.33820089, "round4": 0.52706545}, "7": {"round2": 0.27120281, "round1": 0.62883547, "name": "Wisconsin", "round3": 0.10943365, "rating": 0.839024, "seed": 7, "round6": 0.00396537, "round5": 0.01059594, "round4": 0.02887316}, "8": {"round2": 0.02681753, "round1": 0.37799129, "name": "USC", "round3": 0.00601826, "rating": 0.794435, "seed": 8, "round6": 0.00016018, "round5": 0.00052577, "round4": 0.00180312}, "9": {"round2": 0.0616355, "round1": 0.62200871, "name": "Providence", "round3": 0.02023095, "rating": 0.799085, "seed": 9, "round6": 0.00069577, "round5": 0.00234695, "round4": 0.0082972}, "10": {"round2": 0.12546356, "round1": 0.37116453, "name": "Pittsburgh", "round3": 0.04765302, "rating": 0.802469, "seed": 10, "round6": 0.00111092, "round5": 0.00353829, "round4": 0.01173387}, "11": {"round2": 0.04683546, "round1": 0.18883321, "name": "Michigan", "round3": 0.01622792, "rating": 0.777726, "seed": 11, "round6": 0.00023072, "round5": 0.00082848, "round4": 0.00313976}, "12": {"round2": 0.0169029, "round1": 0.08353419, "name": "Chattanooga", "round3": 6.002e-05, "rating": 0.657065, "seed": 12, "round6": 1e-07, "round5": 1.11e-06, "round4": 1.171e-05}, "13": {"round2": 0.01518218, "round1": 0.07469338, "name": "Stony Brook", "round3": 0.00196437, "rating": 0.697138, "seed": 13, "round6": 1.91e-05, "round5": 9.772e-05, "round4": 0.00054641}, "14": {"round2": 0.06274396, "round1": 0.15189607, "name": "SF Austin", "round3": 0.02012179, "rating": 0.834756, "seed": 14, "round6": 0.00045655, "round5": 0.00126262, "round4": 0.00357558}, "15": {"round2": 0.00801166, "round1": 0.05872659, "name": "Weber St.", "round3": 0.00082059, "rating": 0.571757, "seed": 15, "round6": 8e-07, "round5": 5.99e-06, "round4": 5.054e-05}, "16": {"round2": 0.00175648, "round1": 0.00903984, "name": "Florida Gulf Coast", "round3": 0.00013275, "rating": 0.498892, "seed": 16, "round6": 1.9e-07, "round5": 1.58e-06, "round4": 1.496e-05}}, "west": {"1": {"round2": 0.72203287, "round1": 0.97687859, "name": "Oregon", "round3": 0.43961241, "rating": 0.912309, "seed": 1, "round6": 0.02575957, "round5": 0.07234725, "round4": 0.22636162}, "2": {"round2": 0.15841025, "round1": 0.61063624, "name": "Oklahoma", "round3": 0.0304264, "rating": 0.919907, "seed": 2, "round6": 0.00010534, "round5": 0.00149699, "round4": 0.00592059}, "3": {"round2": 0.54922235, "round1": 0.92568688, "name": "Texas A&M", "round3": 0.07897366, "rating": 0.892642, "seed": 3, "round6": 0.00035693, "round5": 0.00168692, "round4": 0.03494329}, "4": {"round2": 0.54298653, "round1": 0.84597916, "name": "Duke", "round3": 0.26249249, "rating": 0.875167, "seed": 4, "round6": 0.01714, "round5": 0.04348119, "round4": 0.12109972}, "5": {"round2": 0.97476672, "round1": 0.99624233, "name": "Baylor", "round3": 0.8440524, "rating": 0.870648, "seed": 5, "round6": 0.06714964, "round5": 0.12492039, "round4": 0.69110882}, "6": {"round2": 0.90577292, "round1": 0.99808865, "name": "Texas", "round3": 0.59762815, "rating": 0.848832, "seed": 6, "round6": 0.00260056, "round5": 0.00846835, "round4": 0.02431863}, "7": {"round2": 0.9382185, "round1": 0.9954636, "name": "Oregon St.", "round3": 0.54605823, "rating": 0.768946, "seed": 7, "round6": 0.00388788, "round5": 0.0119909, "round4": 0.14193816}, "8": {"round2": 0.09322671, "round1": 0.39351391, "name": "Saint Joseph's", "round3": 0.03568588, "rating": 0.816072, "seed": 8, "round6": 0.00071111, "round5": 0.00262887, "round4": 0.0112186}, "9": {"round2": 0.18259449, "round1": 0.60648609, "name": "Cincinnati", "round3": 0.08393883, "rating": 0.841554, "seed": 9, "round6": 0.00304924, "round5": 0.0092906, "round4": 0.03188932}, "10": {"round2": 0.13989595, "round1": 0.73443704, "name": "VCU", "round3": 0.05707852, "rating": 0.826164, "seed": 10, "round6": 0.00168649, "round5": 0.00566235, "round4": 0.02168932}, "11": {"round2": 0.09516434, "round1": 0.29989084, "name": "Northern Iowa", "round3": 0.02507946, "rating": 0.723906, "seed": 11, "round6": 0.00047461, "round5": 0.00185521, "round4": 0.0084253}, "12": {"round2": 0.13930259, "round1": 0.38725076, "name": "Yale", "round3": 0.03700786, "rating": 0.81255, "seed": 12, "round6": 0.00044526, "round5": 0.00192763, "round4": 0.00980374}, "13": {"round2": 0.04699842, "round1": 0.15402084, "name": "UNC Wilmington", "round3": 0.01008468, "rating": 0.72885, "seed": 13, "round6": 7.368e-05, "round5": 0.00036807, "round4": 0.00219083}, "14": {"round2": 0.0435775, "round1": 0.29702026, "name": "Green Bay", "round3": 0.01101394, "rating": 0.619562, "seed": 14, "round6": 1.199e-05, "round5": 0.0002382, "round4": 0.00162741}, "15": {"round2": 0.01194585, "round1": 0.04141681, "name": "Cal St. Bakersfield", "round3": 0.00320875, "rating": 0.687313, "seed": 15, "round6": 1.155e-05, "round5": 8.785e-05, "round4": 0.00082242}, "16": {"round2": 0.00131777, "round1": 0.01317002, "name": "Southern", "round3": 0.00012177, "rating": 0.359193, "seed": 16, "round6": 5e-08, "round5": 6.2e-07, "round4": 9.26e-06}}, "south": {"1": {"round2": 0.86031066, "round1": 0.99027066, "name": "Kansas", "round3": 0.67910561, "rating": 0.950304, "seed": 1, "round6": 0.19053139, "round5": 0.31879806, "round4": 0.44942555}, "2": {"round2": 0.76701243, "round1": 0.96293972, "name": "Villanova", "round3": 0.47270538, "rating": 0.935171, "seed": 2, "round6": 0.06388272, "round5": 0.13224493, "round4": 0.22254275}, "3": {"round2": 0.11576827, "round1": 0.68616007, "name": "Miami FL", "round3": 0.01383932, "rating": 0.897127, "seed": 3, "round6": 3.792e-05, "round5": 0.00063738, "round4": 0.00289768}, "4": {"round2": 0.47614677, "round1": 0.85542774, "name": "California", "round3": 0.1086855, "rating": 0.876452, "seed": 4, "round6": 0.00715512, "round5": 0.01892783, "round4": 0.0397645}, "5": {"round2": 0.94395344, "round1": 0.99253958, "name": "Maryland", "round3": 0.67108834, "rating": 0.872416, "seed": 5, "round6": 0.03406882, "round5": 0.17349224, "round4": 0.32160038}, "6": {"round2": 0.33209294, "round1": 0.5346827, "name": "Arizona", "round3": 0.15258642, "rating": 0.892664, "seed": 6, "round6": 0.0182432, "round5": 0.03731344, "round4": 0.06213827}, "7": {"round2": 0.18532737, "round1": 0.72194021, "name": "Iowa", "round3": 0.08927356, "rating": 0.883264, "seed": 7, "round6": 0.00619198, "round5": 0.01577552, "round4": 0.03200172}, "8": {"round2": 0.03928262, "round1": 0.36337233, "name": "Colorado", "round3": 0.01515909, "rating": 0.778738, "seed": 8, "round6": 0.00044932, "round5": 0.00153876, "round4": 0.00413982}, "9": {"round2": 0.99585093, "round1": 0.99990202, "name": "Connecticut", "round3": 0.97767374, "rating": 0.867739, "seed": 9, "round6": 0.70373913, "round5": 0.83588714, "round4": 0.95475179}, "10": {"round2": 0.04054921, "round1": 0.27805979, "name": "Temple", "round3": 0.0094281, "rating": 0.702915, "seed": 10, "round6": 9.305e-05, "round5": 0.00044202,