{"west": {"1": {"rating": 0.961498, "name": "Wisconsin", "seed": 1, "round6": 0.0963262155237, "round4": 0.324853852303, "round5": 0.146792234054, "round2": 0.8527395642, "round3": 0.62954502379, "round1": 0.984445020667}, "2": {"rating": 0.967408, "name": "Arizona", "seed": 2, "round6": 0.0968924921259, "round4": 0.460652300604, "round5": 0.169925640958, "round2": 0.823399325526, "round3": 0.699107814135, "round1": 0.993295046111}, "3": {"rating": 0.903813, "name": "Baylor", "seed": 3, "round6": 0.00422079787055, "round4": 0.0471169578096, "round5": 0.0106077365401, "round2": 0.465939445254, "round3": 0.123998556699, "round1": 0.758454213021}, "4": {"rating": 0.901882, "name": "North Carolina", "seed": 4, "round6": 0.0121246441986, "round4": 0.0807529297312, "round5": 0.0244258075501, "round2": 0.624220937403, "round3": 0.226494761334, "round1": 0.860863804632}, "5": {"rating": 0.841594, "name": "Arkansas", "seed": 5, "round6": 0.00148857387175, "round4": 0.0201452781049, "round5": 0.00406490425792, "round2": 0.282446532431, "round3": 0.0750305958048, "round1": 0.760941357071}, "6": {"rating": 0.851793, "name": "Xavier", "seed": 6, "round6": 0.00117017290893, "round4": 0.0128741470695, "round5": 0.00291573555169, "round2": 0.266361285836, "round3": 0.0470936794567, "round1": 0.567156901744}, "7": {"rating": 0.839998, "name": "VCU", "seed": 7, "round6": 0.000353466259956, "round4": 0.0055217320567, "round5": 0.00102518853247, "round2": 0.046666780487, "round3": 0.0214547217402, "round1": 0.363931963147}, "8": {"rating": 0.797249, "name": "Oregon", "seed": 8, "round6": 0.000141416585637, "round4": 0.00484526290248, "round5": 0.0005831351745, "round2": 0.0477514944956, "round3": 0.0201386028874, "round1": 0.406109460658}, "9": {"rating": 0.814084, "name": "Oklahoma St.", "seed": 9, "round6": 0.000410021296641, "round4": 0.00868408015951, "round5": 0.00136327795971, "round2": 0.0964505014782, "round3": 0.0386008087296, "round1": 0.593890539342}, "10": {"rating": 0.868025, "name": "Ohio St.", "seed": 10, "round6": 0.00340838795873, "round4": 0.0260460330376, "round5": 0.00726309414842, "round2": 0.129281076435, "round3": 0.0743157860485, "round1": 0.636068036853}, "11": {"rating": 0.799554, "name": "Mississippi", "seed": 11, "round6": 0.000296230676807, "round4": 0.00609402301497, "round5": 0.000970492887877, "round2": 0.178782474748, "round3": 0.0260573877171, "round1": 0.432843098256}, "12": {"rating": 0.661733, "name": "Wofford", "seed": 12, "round6": 5.72904421698e-06, "round4": 0.000361924972195, "round5": 3.10970953481e-05, "round2": 0.0425262940335, "round3": 0.00368302587073, "round1": 0.239058642929}, "13": {"rating": 0.705859, "name": "Harvard", "seed": 13, "round6": 1.91831282089e-05, "round4": 0.000805677303819, "round5": 8.64931934041e-05, "round2": 0.0508062361329, "round3": 0.006106649515, "round1": 0.139136195368}, "14": {"rating": 0.734432, "name": "Georgia St.", "seed": 14, "round6": 3.13045978527e-05, "round4": 0.00121537394978, "round5": 0.000136281083841, "round2": 0.0889167941619, "round3": 0.00788566650184, "round1": 0.241545786979}, "15": {"rating": 0.411073, "name": "Texas Southern", "seed": 15, "round6": 1.26848665114e-08, "round4": 4.91948951517e-06, "round5": 1.58809853798e-07, "round2": 0.000652817552044, "round3": 8.63877015905e-05, "round1": 0.00670495388921}, "16": {"rating": 0.537123, "name": "Coast. Car.", "seed": 16, "round6": 1.75822702212e-07, "round4": 2.5507490878e-05, "round5": 1.3946174617e-06, "round2": 0.00305843982618, "round3": 0.00040053206843, "round1": 0.0155549793334}}, "east": {"1": {"rating": 0.957101, "name": "Villanova", "seed": 1, "round6": 0.111884458569, "round4": 0.463327752792, "round5": 0.294366557799, "round2": 0.839207965068, "round3": 0.69963189899, "round1": 0.984937649869}, "2": {"rating": 0.958719, "name": "Virginia", "seed": 2, "round6": 0.0680080085908, "round4": 0.271454936765, "round5": 0.174830349196, "round2": 0.733605891718, "round3": 0.525488797154, "round1": 0.96373165892}, "3": {"rating": 0.915002, "name": "Oklahoma", "seed": 3, "round6": 0.0107708388311, "round4": 0.0825851099103, "round5": 0.0407989902848, "round2": 0.579873082674, "round3": 0.222516267676, "round1": 0.90189781321}, "4": {"rating": 0.875558, "name": "Louisville", "seed": 4, "round6": 0.00450033459155, "round4": 0.0396089723612, "round5": 0.0184444464529, "round2": 0.409111523873, "round3": 0.10580171548, "round1": 0.744975249321}, "5": {"rating": 0.908038, "name": "Northern Iowa", "seed": 5, "round6": 0.00301418309993, "round4": 0.0351763498882, "round5": 0.0145285021917, "round2": 0.424877553315, "round3": 0.100795868316, "round1": 0.752684555768}, "6": {"rating": 0.845836, "name": "Providence", "seed": 6, "round6": 0.00135970703013, "round4": 0.0218802633395, "round5": 0.00785239706864, "round2": 0.208248345566, "round3": 0.0680339170534, "round1": 0.51361263507}, "7": {"rating": 0.878567, "name": "Michigan St.", "seed": 7, "round6": 0.00567342718019, "round4": 0.040019511873, "round5": 0.0204340847298, "round2": 0.181358984927, "round3": 0.104379997206, "round1": 0.62245189415}, "8": {"rating": 0.811134, "name": "North Carolina St.", "seed": 8, "round6": 0.00119910344653, "round4": 0.0185649895039, "round5": 0.00677530292668, "round2": 0.104244815143, "round3": 0.055535158829, "round1": 0.589299423188}, "9": {"rating": 0.800599, "name": "LSU", "seed": 9, "round6": 0.000357094278968, "round4": 0.00682373501735, "round5": 0.0022666842265, "round2": 0.0538941231495, "round3": 0.0248457925013, "round1": 0.410700576812}, "10": {"rating": 0.817751, "name": "Georgia", "seed": 10, "round6": 0.000515280979291, "round4": 0.00817969163936, "round5": 0.00294783478135, "round2": 0.0784394768118, "round3": 0.0322334566476, "round1": 0.37754810585}, "11": {"rating": 0.805731, "name": "Dayton", "seed": 11, "round6": 0.000613718711997, "round4": 0.0100939915436, "round5": 0.00358966571783, "round2": 0.191097192868, "round3": 0.0435378919942, "round1": 0.48638736493}, "12": {"rating": 0.637277, "name": "Wyoming", "seed": 12, "round6": 1.35220469821e-05, "round4": 0.000950462717138, "round5": 0.000175006575675, "round2": 0.0824867912939, "round3": 0.00670879850249, "round1": 0.247315444232}, "13": {"rating": 0.655936, "name": "UC Irvine", "seed": 13, "round6": 9.32772284098e-06, "round4": 0.000792597525361, "round5": 0.000133711308078, "round2": 0.0835241315181, "round3": 0.0061269329503, "round1": 0.255024750679}, "14": {"rating": 0.568562, "name": "Albany", "seed": 14, "round6": 3.27295386776e-06, "round4": 0.000354788070716, "round5": 5.33433605714e-05, "round2": 0.0207813788918, "round3": 0.00258330516097, "round1": 0.0981021867898}, "15": {"rating": 0.536296, "name": "Belmont", "seed": 15, "round6": 1.89828305944e-06, "round4": 0.000131120418371, "round5": 2.42355396128e-05, "round2": 0.0065956465433, "round3": 0.00122636710818, "round1": 0.0362683410801}, "16": {"rating": 0.428496, "name": "Lafayette", "seed": 16, "round6": 2.205475507e-07, "round4": 5.57266354325e-05, "round5": 5.62416685264e-06, "round2": 0.00265309663976, "round3": 0.000553834431249, "round1": 0.0150623501314}}, "midwest": {"1": {"rating": 0.978741, "name": "Kentucky", "seed": 1, "round6": 0.41667988754, "round4": 0.736177098809, "round5": 0.538297996667, "round2": 0.940680256373, "round3": 0.855976648293, "round1": 0.999000987185}, "2": {"rating": 0.911139, "name": "Kansas", "seed": 2, "round6": 0.0103867808237, "round4": 0.0594161905992, "round5": 0.0228327572452, "round2": 0.527615529487, "round3": 0.277821671479, "round1": 0.889897491993}, "3": {"rating": 0.912696, "name": "Notre Dame", "seed": 3, "round6": 0.0122371692805, "round4": 0.0711093878676, "round5": 0.0271553103427, "round2": 0.601911945528, "round3": 0.326694615889, "round1": 1.0}, "4": {"rating": 0.828921, "name": "Maryland", "seed": 4, "round6": 0.00203940593521, "round4": 0.0212994168279, "round5": 0.00588829631371, "round2": 0.382712018173, "round3": 0.046530787227,