{"west": {"1": {"rating": 0.961498, "name": "Wisconsin", "seed": 1, "round6": 0.0983101486967, "round4": 0.333104780704, "round5": 0.150081284129, "round2": 0.8527395642, "round3": 0.62954502379, "round1": 0.984445020667}, "2": {"rating": 0.967408, "name": "Arizona", "seed": 2, "round6": 0.0917632158999, "round4": 0.462853659976, "round5": 0.164997081771, "round2": 0.805944519463, "round3": 0.71532051886, "round1": 1.0}, "3": {"rating": 0.903813, "name": "Baylor", "seed": 3, "round6": 0.0, "round4": 0.0, "round5": 0.0, "round2": 0.0, "round3": 0.0, "round1": 0.0}, "4": {"rating": 0.901882, "name": "North Carolina", "seed": 4, "round6": 0.0124734658112, "round4": 0.0838334014451, "round5": 0.0252134542846, "round2": 0.624220937403, "round3": 0.226494761334, "round1": 0.860863804632}, "5": {"rating": 0.841594, "name": "Arkansas", "seed": 5, "round6": 0.00153887923671, "round4": 0.0211166908708, "round5": 0.0042238173206, "round2": 0.282446532431, "round3": 0.0750305958048, "round1": 0.760941357071}, "6": {"rating": 0.851793, "name": "Xavier", "seed": 6, "round6": 0.00383473929273, "round4": 0.0387324458829, "round5": 0.00918750945058, "round2": 0.695213505689, "round3": 0.134740613349, "round1": 1.0}, "7": {"rating": 0.839998, "name": "VCU", "seed": 7, "round6": 0.0, "round4": 0.0, "round5": 0.0, "round2": 0.0, "round3": 0.0, "round1": 0.0}, "8": {"rating": 0.797249, "name": "Oregon", "seed": 8, "round6": 0.00014596342352, "round4": 0.00509820047771, "round5": 0.00060609002778, "round2": 0.0477514944956, "round3": 0.0201386028874, "round1": 0.406109460658}, "9": {"rating": 0.814084, "name": "Oklahoma St.", "seed": 9, "round6": 0.000425128389362, "round4": 0.00915879447875, "round5": 0.00142240877116, "round2": 0.0964505014782, "round3": 0.0386008087296, "round1": 0.593890539342}, "10": {"rating": 0.868025, "name": "Ohio St.", "seed": 10, "round6": 0.00478108768948, "round4": 0.0409699180584, "round5": 0.0107091741644, "round2": 0.194055480537, "round3": 0.123688839811, "round1": 1.0}, "11": {"rating": 0.799554, "name": "Mississippi", "seed": 11, "round6": 0.0, "round4": 0.0, "round5": 0.0, "round2": 0.0, "round3": 0.0, "round1": 0.0}, "12": {"rating": 0.661733, "name": "Wofford", "seed": 12, "round6": 6.06073937631e-06, "round4": 0.000393224526982, "round5": 3.32280795814e-05, "round2": 0.0425262940335, "round3": 0.00368302587073, "round1": 0.239058642929}, "13": {"rating": 0.705859, "name": "Harvard", "seed": 13, "round6": 2.01462956717e-05, "round4": 0.000866001430203, "round5": 9.16263276934e-05, "round2": 0.0508062361329, "round3": 0.006106649515, "round1": 0.139136195368}, "14": {"rating": 0.734432, "name": "Georgia St.", "seed": 14, "round6": 8.85826273453e-05, "round4": 0.00384472028083, "round5": 0.000405439709942, "round2": 0.304786494311, "round3": 0.0262500279809, "round1": 1.0}, "15": {"rating": 0.411073, "name": "Texas Southern", "seed": 15, "round6": 0.0, "round4": 0.0, "round5": 0.0, "round2": 0.0, "round3": 0.0, "round1": 0.0}, "16": {"rating": 0.537123, "name": "Coast. Car.", "seed": 16, "round6": 1.87860883503e-07, "round4": 2.81618684066e-05, "round5": 1.50853447568e-06, "round2": 0.00305843982618, "round3": 0.00040053206843, "round1": 0.0155549793334}}, "east": {"1": {"rating": 0.957101, "name": "Villanova", "seed": 1, "round6": 0.111629709238, "round4": 0.463327752792, "round5": 0.292985172718, "round2": 0.839207965068, "round3": 0.69963189899, "round1": 0.984937649869}, "2": {"rating": 0.958719, "name": "Virginia", "seed": 2, "round6": 0.0678569653766, "round4": 0.271454936765, "round5": 0.174026840713, "round2": 0.733605891718, "round3": 0.525488797154, "round1": 0.96373165892}, "3": {"rating": 0.915002, "name": "Oklahoma", "seed": 3, "round6": 0.0107371367634, "round4": 0.0825851099103, "round5": 0.0405465573799, "round2": 0.579873082674, "round3": 0.222516267676, "round1": 0.90189781321}, "4": {"rating": 0.875558, "name": "Louisville", "seed": 4, "round6": 0.00448544326343, "round4": 0.0396089723612, "round5": 0.0183251707176, "round2": 0.409111523873, "round3": 0.10580171548, "round1": 0.744975249321}, "5": {"rating": 0.908038, "name": "Northern Iowa", "seed": 5, "round6": 0.00300319531765, "round4": 0.0351763498882, "round5": 0.0144273835055, "round2": 0.424877553315, "round3": 0.100795868316, "round1": 0.752684555768}, "6": {"rating": 0.845836, "name": "Providence", "seed": 6, "round6": 0.00135426465373, "round4": 0.0218802633395, "round5": 0.00779412831621, "round2": 0.208248345566, "round3": 0.0680339170534, "round1": 0.51361263507}, "7": {"rating": 0.878567, "name": "Michigan St.", "seed": 7, "round6": 0.00565625555131, "round4": 0.040019511873, "round5": 0.0203110693066, "round2": 0.181358984927, "round3": 0.104379997206, "round1": 0.62245189415}, "8": {"rating": 0.811134, "name": "North Carolina St.", "seed": 8, "round6": 0.00119435128691, "round4": 0.0185649895039, "round5": 0.00672535634174, "round2": 0.104244815143, "round3": 0.055535158829, "round1": 0.589299423188}, "9": {"rating": 0.800599, "name": "LSU", "seed": 9, "round6": 0.000355599053499, "round4": 0.00682373501735, "round5": 0.00224940429859, "round2": 0.0538941231495, "round3": 0.0248457925013, "round1": 0.410700576812}, "10": {"rating": 0.817751, "name": "Georgia", "seed": 10, "round6": 0.000513219776586, "round4": 0.00817969163936, "round5": 0.00292599565635, "round2": 0.0784394768118, "round3": 0.0322334566476, "round1": 0.37754810585}, "11": {"rating": 0.805731, "name": "Dayton", "seed": 11, "round6": 0.000611250197584, "round4": 0.0100939915436, "round5": 0.00356293619985, "round2": 0.191097192868, "round3": 0.0435378919942, "round1": 0.48638736493}, "12": {"rating": 0.637277, "name": "Wyoming", "seed": 12, "round6": 1.34527146184e-05, "round4": 0.000950462717138, "round5": 0.00017358482261, "round2": 0.0824867912939, "round3": 0.00670879850249, "round1": 0.247315444232}, "13": {"rating": 0.655936, "name": "UC Irvine", "seed": 13, "round6": 9.27920445235e-06, "round4": 0.000792597525361, "round5": 0.000132634404607, "round2": 0.0835241315181, "round3": 0.0061269329503, "round1": 0.255024750679}, "14": {"rating": 0.568562, "name": "Albany", "seed": 14, "round6": 3.25566136563e-06, "round4": 0.000354788070716, "round5": 5.29214540875e-05, "round2": 0.0207813788918, "round3": 0.00258330516097, "round1": 0.0981021867898}, "15": {"rating": 0.536296, "name": "Belmont", "seed": 15, "round6": 1.88851125876e-06, "round4": 0.000131120418371, "round5": 2.40385952606e-05, "round2": 0.0065956465433, "round3": 0.00122636710818, "round1": 0.0362683410801}, "16": {"rating": 0.428496, "name": "Lafayette", "seed": 16, "round6": 2.19389123786e-07, "round4": 5.57266354325e-05, "round5": 5.58497480374e-06, "round2": 0.00265309663976, "round3": 0.000553834431249, "round1": 0.0150623501314}}, "midwest": {"1": {"rating": 0.978741, "name": "Kentucky", "seed": 1, "round6": 0.417914368573, "round4": 0.736641317867, "round5": 0.540290866208, "round2": 0.940680256373, "round3": 0.855976648293, "round1": 0.999000987185}, "2": {"rating": 0.911139, "name": "Kansas", "seed": 2, "round6": 0.0104661222961, "round4": 0.0597234858488, "round5": 0.0230558685787, "round2": 0.527615529487, "round3": 0.279368221769, "round1": 0.889897491993}, "3": {"rating": 0.912696, "name": "Notre Dame", "seed": 3, "round6": 0.0126044018723, "round4": 0.073402490679, "round5": 0.028091180027, "round2": 0.624656601983, "round3": 0.338357735683, "round1": 1.0}, "4": {"rating": 0.828921, "name": "Maryland", "seed": 4, "round6": 0.00204957853277, "round4": 0.0213546117969, "round5": 0.00593199078925, "round2": 0.382712018173, "round3": 0.046530787227, "round1": 0.71732975654}, "5": {"rating": 0.85386, "name": "West Virginia", "seed": 5, "round6": 0.00277741637523, "round4": 0.0256225700766, "round5": 0.00760551931221, "round2": 0.391825246624, "round3": 0.0528099285236, "round1": 0.682463058399}, "6": {"rating": 0.862402, "name": "Butler", "seed": 6, "round6": 0.00455956777763, "round4": 0.0269480455412,