{"west": {"1": {"seed": 1, "name": "Arizona", "round6": 0.095680770461, "round4": 0.337770203985, "round5": 0.173787157358, "round2": 0.726592870717, "round3": 0.508313441414, "round1": 1.0}, "2": {"seed": 2, "name": "Wisconsin", "round6": 0.056111992306, "round4": 0.217399250868, "round5": 0.10579633991, "round2": 0.771997410988, "round3": 0.463760236787, "round1": 1.0}, "3": {"seed": 3, "name": "Creighton", "round6": 0.021720894095, "round4": 0.104719302567, "round5": 0.045524701032, "round2": 0.54404909665, "round3": 0.251298745412, "round1": 1.0}, "4": {"seed": 4, "name": "San Diego St.", "round6": 0.015464354174, "round4": 0.170298984941, "round5": 0.047629852379, "round2": 1.0, "round3": 0.352325659942, "round1": 1.0}, "5": {"seed": 5, "name": "Oklahoma", "round6": 0.0, "round4": 0.0, "round5": 0.0, "round2": 0.0, "round3": 0.0, "round1": 0.0}, "6": {"seed": 6, "name": "Baylor", "round6": 0.010457065361, "round4": 0.054233608959, "round5": 0.0226072216, "round2": 0.45595090335, "round3": 0.165011411743, "round1": 1.0}, "7": {"seed": 7, "name": "Oregon", "round6": 0.006127713129, "round4": 0.047892272368, "round5": 0.016017689075, "round2": 0.228002589012, "round3": 0.119929606057, "round1": 1.0}, "8": {"seed": 8, "name": "Gonzaga", "round6": 0.009655521979, "round4": 0.067686376311, "round5": 0.024031448769, "round2": 0.273407129283, "round3": 0.139360898643, "round1": 1.0}, "9": {"seed": 9, "name": "Oklahoma St.", "round6": 0.0, "round4": 0.0, "round5": 0.0, "round2": 0.0, "round3": 0.0, "round1": 0.0}, "10": {"seed": 10, "name": "BYU", "round6": 0.0, "round4": 0.0, "round5": 0.0, "round2": 0.0, "round3": 0.0, "round1": 0.0}, "11": {"seed": 11, "name": "Nebraska", "round6": 0.0, "round4": 0.0, "round5": 0.0, "round2": 0.0, "round3": 0.0, "round1": 0.0}, "12": {"seed": 12, "name": "ND State", "round6": 0.0, "round4": 0.0, "round5": 0.0, "round2": 0.0, "round3": 0.0, "round1": 1.0}, "13": {"seed": 13, "name": "NM State", "round6": 0.0, "round4": 0.0, "round5": 0.0, "round2": 0.0, "round3": 0.0, "round1": 0.0}, "14": {"seed": 14, "name": "Louisiana Laf.", "round6": 0.0, "round4": 0.0, "round5": 0.0, "round2": 0.0, "round3": 0.0, "round1": 0.0}, "15": {"seed": 15, "name": "American", "round6": 0.0, "round4": 0.0, "round5": 0.0, "round2": 0.0, "round3": 0.0, "round1": 0.0}, "16": {"seed": 16, "name": "Weber St.", "round6": 0.0, "round4": 0.0, "round5": 0.0, "round2": 0.0, "round3": 0.0, "round1": 0.0}}, "east": {"1": {"seed": 1, "name": "Virginia", "round6": 0.049660703833, "round4": 0.205092795225, "round5": 0.10179855167, "round2": 0.709949606895, "round3": 0.364138618322, "round1": 1.0}, "2": {"seed": 2, "name": "Villanova", "round6": 0.042602561049, "round4": 0.210204596132, "round5": 0.095104676973, "round2": 0.648972417022, "round3": 0.405083627022, "round1": 1.0}, "3": {"seed": 3, "name": "Iowa St.", "round6": 0.016847541238, "round4": 0.102575308731, "round5": 0.041567755859, "round2": 0.55723928483, "round3": 0.242442819924, "round1": 1.0}, "4": {"seed": 4, "name": "Michigan St.", "round6": 0.067595888632, "round4": 0.273660087462, "round5": 0.137085044714, "round2": 0.77232375945, "round3": 0.456837290072, "round1": 1.0}, "5": {"seed": 5, "name": "Cincinnati", "round6": 0.0, "round4": 0.0, "round5": 0.0, "round2": 0.0, "round3": 0.0, "round1": 0.0}, "6": {"seed": 6, "name": "North Carolina", "round6": 0.008233240466, "round4": 0.067880589121, "round5": 0.023583515387, "round2": 0.44276071517, "round3": 0.175779092997, "round1": 1.0}, "7": {"seed": 7, "name": "Connecticut", "round6": 0.008282092183, "round4": 0.07174352984, "round5": 0.02426483521, "round2": 0.351027582978, "round3": 0.176694460057, "round1": 1.0}, "8": {"seed": 8, "name": "Memphis", "round6": 0.004147499177, "round4": 0.036937657571, "round5": 0.012299266289, "round2": 0.290050393105, "round3": 0.095783260477, "round1": 1.0}, "9": {"seed": 9, "name": "George Wash.", "round6": 0.0, "round4": 0.0, "round5": 0.0, "round2": 0.0, "round3": 0.0, "round1": 0.0}, "10": {"seed": 10, "name": "St. Joseph's", "round6": 0.0, "round4": 0.0, "round5": 0.0, "round2": 0.0, "round3": 0.0, "round1": 0.0}, "11": {"seed": 11, "name": "Providence", "round6": 0.0, "round4": 0.0, "round5": 0.0, "round2": 0.0, "round3": 0.0, "round1": 0.0}, "12": {"seed": 12, "name": "Harvard", "round6": 0.002467720874, "round4": 0.031905435917, "round5": 0.0087557437, "round2": 0.22767624055, "round3": 0.08324083113, "round1": 1.0}, "13": {"seed": 13, "name": "Delaware", "round6": 0.0, "round4": 0.0, "round5": 0.0, "round2": 0.0, "round3": 0.0, "round1": 0.0}, "14": {"seed": 14, "name": "NC Central", "round6": 0.0, "round4": 0.0, "round5": 0.0, "round2": 0.0, "round3": 0.0, "round1": 0.0}, "15": {"seed": 15, "name": "Milwaukee", "round6": 0.0, "round4": 0.0, "round5": 0.0, "round2": 0.0, "round3": 0.0, "round1": 0.0}, "16": {"seed": 16, "name": "Coast. Car.", "round6": 0.0, "round4": 0.0, "round5": 0.0, "round2": 0.0, "round3": 0.0, "round1": 0.0}}, "midwest": {"1": {"seed": 1, "name": "Wichita St.", "round6": 0.046321298707, "round4": 0.124718768946, "round5": 0.077901567199, "round2": 0.578640202491, "round3": 0.208491164886, "round1": 1.0}, "2": {"seed": 2, "name": "Michigan", "round6": 0.042911662368, "round4": 0.210522918886, "round5": 0.097916135779, "round2": 1.0, "round3": 0.600652483766, "round1": 1.0}, "3": {"seed": 3, "name": "Duke", "round6": 0.0, "round4": 0.0, "round5": 0.0, "round2": 0.0, "round3": 0.0, "round1": 0.0}, "4": {"seed": 4, "name": "Louisville", "round6": 0.174293608425, "round4": 0.460650035446, "round5": 0.291121425655, "round2": 1.0, "round3": 0.648688525386, "round1": 1.0}, "5": {"seed": 5, "name": "Saint Louis", "round6": 0.0, "round4": 0.0, "round5": 0.0, "round2": 0.0, "round3": 0.0, "round1": 1.0}, "6": {"seed": 6, "name": "UMass", "round6": 0.0, "round4": 0.0, "round5": 0.0, "round2": 0.0, "round3": 0.0, "round1": 0.0}, "7": {"seed": 7, "name": "Texas", "round6": 0.0, "round4": 0.0, "round5": 0.0, "round2": 0.0, "round3": 0.0, "round1": 1.0}, "8": {"seed": 8, "name": "Kentucky", "round6": 0.020129275311, "round4": 0.082372375562, "round5": 0.041865054366, "round2": 0.421359797509, "round3": 0.142820309728, "round1": 1.0}, "9": {"seed": 9, "name": "Kansas St.", "round6": 0.0, "round4": 0.0, "round5": 0.0, "round2": 0.0, "round3": 0.0, "round1": 0.0}, "10": {"seed": 10, "name": "Arizona St.", "round6": 0.0, "round4": 0.0, "round5": 0.0, "round2": 0.0, "round3": 0.0, "round1": 0.0}, "11": {"seed": 11, "name": "Tennessee", "round6": 0.024363146922, "round4": 0.118260948167, "round5": 0.055006448922, "round2": 0.810641139226, "round3": 0.367189135106, "round1": 1.0}, "12": {"seed": 12, "name": "NC State", "round6": 0.0, "round4": 0.0, "round5": 0.0, "round2": 0.0, "round3": 0.0, "round1": 0.0}, "13": {"seed": 13, "name": "Manhattan", "round6": 0.0, "round4": 0.0, "round5": 0.0, "round2": 0.0, "round3": 0.0, "round1": 0.0}, "14": {"seed": 14, "name": "Mercer", "round6": 0.000176809802, "round4": 0.003474952993, "round5": 0.000794957956, "round2": 0.189358860774, "round3": 0.032158381128, "round1": 1.0}, "15": {"seed": 15, "name": "Wofford", "round6": 0.0, "round4": 0.0, "round5": 0.0, "round2": 0.0, "round3": 0.0, "round1": 0.0}, "16": {"seed": 16, "name": "Cal Poly", "round6": 0.0, "round4": 0.0, "round5": 0.0, "round2": 0.0, "round3": 0.0, "round1": 0.0}}, "south": {"1": {"seed": 1, "name": "Florida", "round6": 0.157421680559, "round4": 0.476949763839, "round5": 0.291624233256, "round2": 1.0, "round3": 0.741884420261, "round1": 1.0}, "2": {"seed": 2, "name": "Kansas", "round6": 0.070313966378, "round4": 0.239714672762, "round5": 0.138433073566, "round2": 0.787276640965, "round3": 0.503440688783, "round1": 1.0}, "3": {"seed": 3, "name": "Syracuse", "round6": 0.026043121276, "round4": 0.139563377992, "round5": 0.064596484376, "round2": 0.773387867548, "round3": 0.357373985814, "round1": 1.0}, "4": {"seed": 4, "name": "UCLA", "round6": 0.02001679569, "round4": 0.107883435211,