{"midwest": {"1": {"name": "Kansas", "round1": 0.979612036046, "round5": 0.212211901047, "round3": 0.556596438875, "round6": 0.103890499091, "round2": 0.80557280142, "adjEM": 25.98, "seed": 1, "round4": 0.380299150087}, "2": {"name": "Louisville", "round1": 0.973818118503, "round5": 0.110822048062, "round3": 0.465179386547, "round6": 0.049736747758, "round2": 0.668185522471, "adjEM": 26.72, "seed": 2, "round4": 0.216097350359}, "3": {"name": "Oregon", "round1": 0.922453144793, "round5": 0.029510769901, "round3": 0.210819509714, "round6": 0.011540625553, "round2": 0.612530910515, "adjEM": 23.83, "seed": 3, "round4": 0.065982422402}, "4": {"name": "Purdue", "round1": 0.859696311013, "round5": 0.049423484122, "round3": 0.196615653959, "round6": 0.020099202582, "round2": 0.506128913056, "adjEM": 24.22, "seed": 4, "round4": 0.106255355754}, "5": {"name": "Iowa St.", "round1": 0.83087963062, "round5": 0.041477263396, "round3": 0.165322582089, "round6": 0.016654491228, "round2": 0.419265450409, "adjEM": 23.11, "seed": 5, "round4": 0.090313293305}, "6": {"name": "Creighton", "round1": 0.560859158665, "round5": 0.010679373557, "round3": 0.082632247491, "round6": 0.003554227056, "round2": 0.219366215263, "adjEM": 19.59, "seed": 6, "round4": 0.028122710754}, "7": {"name": "Michigan", "round1": 0.633435389742, "round5": 0.02132403061, "round3": 0.136026185555, "round6": 0.007944688185, "round2": 0.229701754006, "adjEM": 22.62, "seed": 7, "round4": 0.05006435897}, "8": {"name": "Miami FL", "round1": 0.551241404307, "round5": 0.005821238964, "round3": 0.040975026465, "round6": 0.001859809763, "round2": 0.111588464088, "adjEM": 16.96, "seed": 8, "round4": 0.015984554481}, "9": {"name": "Michigan St.", "round1": 0.448758595693, "round5": 0.003360842366, "round3": 0.027907106531, "round6": 0.000958077274, "round2": 0.080259936463, "adjEM": 14.98, "seed": 9, "round4": 0.010376899402}, "10": {"name": "Oklahoma St.", "round1": 0.366564610258, "round5": 0.008217015256, "round3": 0.057101230454, "round6": 0.002949715924, "round2": 0.09996370017, "adjEM": 22.1, "seed": 10, "round4": 0.020032276899}, "11": {"name": "Rhode Island", "round1": 0.439140841335, "round5": 0.00447323601, "round3": 0.046331760938, "round6": 0.001366309429, "round2": 0.153258665386, "adjEM": 15.62, "seed": 11, "round4": 0.012863550512}, "12": {"name": "Nevada", "round1": 0.16912036938, "round5": 0.000661835825, "round3": 0.00687363904, "round6": 0.000193962041, "round2": 0.038797278455, "adjEM": 13.34, "seed": 12, "round4": 0.00198600633}, "13": {"name": "Vermont", "round1": 0.140303688987, "round5": 0.000332617909, "round3": 0.005502939477, "round6": 7.0069399e-05, "round2": 0.03580835808, "adjEM": 11.88, "seed": 13, "round4": 0.001404734306}, "14": {"name": "Iona", "round1": 0.077546855207, "round5": 2.7325321e-05, "round3": 0.001650843228, "round6": 3.735142e-06, "round2": 0.014844208835, "adjEM": 4.0, "seed": 14, "round4": 0.000180558859}, "15": {"name": "Jacksonville St.", "round1": 0.026181881497, "round5": 1.540458e-06, "round3": 0.000258836074, "round6": 1.2846e-07, "round2": 0.002149023352, "adjEM": 0.58, "seed": 15, "round4": 1.6908122e-05}, "16": {"name": "North Carolina Central", "round1": 0.013628353268, "round5": 1.45912e-06, "round3": 0.000152018074, "round6": 1.27847e-07, "round2": 0.001809113897, "adjEM": 1.03, "seed": 16, "round4": 1.5225362e-05}}, "east": {"1": {"name": "Villanova", "round1": 0.987632001748, "round5": 0.241125213558, "round3": 0.589206003986, "round6": 0.149953842962, "round2": 0.803221306689, "adjEM": 30.78, "seed": 1, "round4": 0.401737091759}, "2": {"name": "Duke", "round1": 0.966903494344, "round5": 0.12211405819, "round3": 0.510116107073, "round6": 0.066660797638, "round2": 0.77986968716, "adjEM": 25.09, "seed": 2, "round4": 0.236574933872}, "3": {"name": "Baylor", "round1": 0.903498884911, "round5": 0.028869538874, "round3": 0.188426522511, "round6": 0.013981917848, "round2": 0.460614314735, "adjEM": 25.01, "seed": 3, "round4": 0.064282634939}, "4": {"name": "Florida", "round1": 0.874918052377, "round5": 0.023554631132, "round3": 0.126505910179, "round6": 0.010564921073, "round2": 0.443570125101, "adjEM": 26.39, "seed": 4, "round4": 0.057340558778}, "5": {"name": "Virginia", "round1": 0.844766911501, "round5": 0.047313097802, "round3": 0.178718248947, "round6": 0.024829884468, "round2": 0.49157769056, "adjEM": 26.67, "seed": 5, "round4": 0.095957030872}, "6": {"name": "SMU", "round1": 0.789641696307, "round5": 0.03362927079, "round3": 0.19790373503, "round6": 0.016904120247, "round2": 0.456299666333, "adjEM": 25.27, "seed": 6, "round4": 0.071711275903}, "7": {"name": "South Carolina", "round1": 0.567264572844, "round5": 0.003178218256, "round3": 0.046432448692, "round6": 0.001064459181, "round2": 0.12788435314, "adjEM": 17.03, "seed": 7, "round4": 0.010826562453}, "8": {"name": "Wisconsin", "round1": 0.789798040939, "round5": 0.019314220584, "round3": 0.091755651982, "round6": 0.009153820938, "round2": 0.176214196887, "adjEM": 22.29, "seed": 8, "round4": 0.044102419263}, "9": {"name": "Virginia Tech", "round1": 0.210201959061, "round5": 0.000321385246, "round3": 0.005276095318, "round6": 8.8433903e-05, "round2": 0.019472191078, "adjEM": 14.94, "seed": 9, "round4": 0.001366767145}, "10": {"name": "Marquette", "round1": 0.432735427156, "round5": 0.0027747141, "round3": 0.034046864364, "round6": 0.00100354284, "round2": 0.086480328392, "adjEM": 17.57, "seed": 10, "round4": 0.008658089906}, "11": {"name": "Providence", "round1": 0.123028397137, "round5": 0.000915610712, "round3": 0.012438687038, "round6": 0.000305046777, "round2": 0.040913089093, "adjEM": 12.9, "seed": 11, "round4": 0.003137787071}, "12": {"name": "UNC Wilmington", "round1": 0.155233088499, "round5": 0.0003736028, "round3": 0.005987617471, "round6": 0.0001033947, "round2": 0.042110696367, "adjEM": 12.39, "seed": 12, "round4": 0.001578643986}, "13": {"name": "East Tennessee St.", "round1": 0.125081947623, "round5": 0.000100943835, "round3": 0.002467301527, "round6": 2.3507114e-05, "round2": 0.022741487972, "adjEM": 11.49, "seed": 13, "round4": 0.000516806894}, "14": {"name": "NM State", "round1": 0.096501115089, "round5": 3.2634423e-05, "round3": 0.001667678121, "round6": 7.400083e-06, "round2": 0.013359236284, "adjEM": 7.32, "seed": 14, "round4": 0.000172057783}, "15": {"name": "Troy", "round1": 0.033096505656, "round5": 5.266558e-06, "round3": 0.000669860458, "round6": 7.05748e-07, "round2": 0.005765631309, "adjEM": 2.67, "seed": 15, "round4": 4.9033071e-05}, "16": {"name": "Mount St. Mary's", "round1": 0.007791272305, "round5": 3.34888e-07, "round3": 5.8984082e-05, "round6": 3.0784e-08, "round2": 0.000756286162, "adjEM": -4.23, "seed": 16, "round4": 4.636532e-06}}, "south": {"1": {"name": "North Carolina", "round1": 0.979275339496, "round5": 0.154792229795, "round3": 0.579841979626, "round6": 0.069972957665, "round2": 0.798724712655, "adjEM": 28.01, "seed": 1, "round4": 0.298548915726}, "2": {"name": "Kentucky", "round1": 0.966806378802, "round5": 0.168237626264, "round3": 0.474828915467, "round6": 0.081807350751, "round2": 0.68192340728, "adjEM": 27.27, "seed": 2, "round4": 0.302249842676}, "3": {"name": "UCLA", "round1": 0.941723642576, "round5": 0.052713170727, "round3": 0.208319786583, "round6": 0.02485954293, "round2": 0.61453888774, "adjEM": 22.95, "seed": 3, "round4": 0.097548959503}, "4": {"name": "Butler", "round1": 0.890205906066, "round5": 0.03298443953, "round3": 0.231390822307, "round6": 0.011023811185, "round2": 0.620125611105, "adjEM": 20.91, "seed": 4, "round4": 0.086281939129}, "5": {"name": "Minnesota", "round1": 0.519562240526, "round5": 0.002831157322, "round3": 0.042529634298, "round6": 0.000700461249, "round2": 0.184583116675, "adjEM": 16.59, "seed": 5, "round4": 0.010122564752}, "6": {"name": "Cincinnati", "round1": 0.627992312948, "round5": 0.023916960307, "round3": 0.101708915376, "round6": 0.009401519555, "round2": 0.258161872287, "adjEM": 22.32, "seed": 6,