{"east": {"1": {"seed": 1, "round6": 0.14974193, "round5": 0.25902226, "round4": 0.43205136, "round2": 0.91738813, "name": "North Carolina", "round1": 1.0, "rating": 0.940687, "round3": 0.60199131}, "2": {"seed": 2, "round6": 0.01810412, "round5": 0.04222016, "round4": 0.09729185, "round2": 0.59532198, "name": "Xavier", "round1": 0.94127341, "rating": 0.894647, "round3": 0.29425898}, "3": {"seed": 3, "round6": 0.03418131, "round5": 0.07463042, "round4": 0.15998622, "round2": 0.63096464, "name": "West Virginia", "round1": 0.84810393, "rating": 0.923722, "round3": 0.39903223}, "4": {"seed": 4, "round6": 0.04748665, "round5": 0.08982042, "round4": 0.16477762, "round2": 0.62455729, "name": "Kentucky", "round1": 1.0, "rating": 0.920054, "round3": 0.25826607}, "5": {"seed": 5, "round6": 0.01276738, "round5": 0.02834842, "round4": 0.06189976, "round2": 0.37544271, "name": "Indiana", "round1": 1.0, "rating": 0.895935, "round3": 0.11570188}, "6": {"seed": 6, "round6": 0.0033986, "round5": 0.00939567, "round4": 0.02611891, "round2": 0.22555949, "name": "Notre Dame", "round1": 0.6621377, "rating": 0.813109, "round3": 0.10159822}, "7": {"seed": 7, "round6": 0.00396801, "round5": 0.01060922, "round4": 0.02842375, "round2": 0.27120281, "name": "Wisconsin", "round1": 0.62883547, "rating": 0.839024, "round3": 0.10948081}, "8": {"seed": 8, "round6": 0.0, "round5": 0.0, "round4": 0.0, "round2": 0.0, "name": "USC", "round1": 0.0, "rating": 0.794435, "round3": 0.0}, "9": {"seed": 9, "round6": 0.00073445, "round5": 0.0025917, "round4": 0.00942848, "round2": 0.08261187, "name": "Providence", "round1": 1.0, "rating": 0.799085, "round3": 0.02404075}, "10": {"seed": 10, "round6": 0.00111442, "round5": 0.00355044, "round4": 0.01154233, "round2": 0.12546356, "name": "Pittsburgh", "round1": 0.37116453, "rating": 0.802469, "round3": 0.04767579}, "11": {"seed": 11, "round6": 0.00034705, "round5": 0.00128361, "round4": 0.00491696, "round2": 0.08047189, "name": "Michigan", "round1": 0.3378623, "rating": 0.777726, "round3": 0.02693656}, "12": {"seed": 12, "round6": 0.0, "round5": 0.0, "round4": 0.0, "round2": 0.0, "name": "Chattanooga", "round1": 0.0, "rating": 0.657065, "round3": 0.0}, "13": {"seed": 13, "round6": 0.0, "round5": 0.0, "round4": 0.0, "round2": 0.0, "name": "Stony Brook", "round1": 0.0, "rating": 0.697138, "round3": 0.0}, "14": {"seed": 14, "round6": 0.00045592, "round5": 0.00126211, "round4": 0.00351367, "round2": 0.06300398, "name": "SF Austin", "round1": 0.15189607, "rating": 0.834756, "round3": 0.02019563}, "15": {"seed": 15, "round6": 8e-07, "round5": 5.99e-06, "round4": 4.909e-05, "round2": 0.00801166, "name": "Weber St.", "round1": 0.05872659, "rating": 0.571757, "round3": 0.00082179}, "16": {"seed": 16, "round6": 0.0, "round5": 0.0, "round4": 0.0, "round2": 0.0, "name": "Florida Gulf Coast", "round1": 0.0, "rating": 0.498892, "round3": 0.0}}, "midwest": {"1": {"seed": 1, "round6": 0.10838255, "round5": 0.19227136, "round4": 0.34428639, "round2": 0.79460236, "name": "Virginia", "round1": 1.0, "rating": 0.948189, "round3": 0.5959717}, "2": {"seed": 2, "round6": 0.09145094, "round5": 0.17736009, "round4": 0.35142827, "round2": 0.77629788, "name": "Michigan St.", "round1": 0.9485191, "rating": 0.945019, "round3": 0.58681671}, "3": {"seed": 3, "round6": 0.00943366, "round5": 0.0233977, "round4": 0.06149997, "round2": 0.52341766, "name": "Utah", "round1": 1.0, "rating": 0.854671, "round3": 0.16440889}, "4": {"seed": 4, "round6": 0.01499361, "round5": 0.03836182, "round4": 0.10450292, "round2": 0.77479037, "name": "Iowa St.", "round1": 1.0, "rating": 0.891989, "round3": 0.25717522}, "5": {"seed": 5, "round6": 0.0, "round5": 0.0, "round4": 0.0, "round2": 0.0, "name": "Purdue", "round1": 0.0, "rating": 0.907842, "round3": 0.0}, "6": {"seed": 6, "round6": 0.0, "round5": 0.0, "round4": 0.0, "round2": 0.0, "name": "Seton Hall", "round1": 0.0, "rating": 0.867337, "round3": 0.0}, "7": {"seed": 7, "round6": 0.00147262, "round5": 0.00472304, "round4": 0.01666265, "round2": 0.11287306, "name": "Dayton", "round1": 0.52355784, "rating": 0.780893, "round3": 0.05131687}, "8": {"seed": 8, "round6": 0.0, "round5": 0.0, "round4": 0.0, "round2": 0.0, "name": "Texas Tech", "round1": 0.0, "rating": 0.809597, "round3": 0.0}, "9": {"seed": 9, "round6": 0.00490435, "round5": 0.01395767, "round4": 0.042964, "round2": 0.20539764, "name": "Butler", "round1": 1.0, "rating": 0.812995, "round3": 0.1127666}, "10": {"seed": 10, "round6": 0.00118241, "round5": 0.00378963, "round4": 0.013359, "round2": 0.09734414, "name": "Syracuse", "round1": 0.47644216, "rating": 0.811142, "round3": 0.04271208}, "11": {"seed": 11, "round6": 0.00863305, "round5": 0.02165253, "round4": 0.05764899, "round2": 0.47658234, "name": "Gonzaga", "round1": 1.0, "rating": 0.860704, "round3": 0.15203798}, "12": {"seed": 12, "round6": 0.00044238, "round5": 0.00168915, "round4": 0.00725785, "round2": 0.22520963, "name": "Arkansas Little Rock", "round1": 1.0, "rating": 0.798066, "round3": 0.03408648}, "13": {"seed": 13, "round6": 0.0, "round5": 0.0, "round4": 0.0, "round2": 0.0, "name": "Iona", "round1": 0.0, "rating": 0.73033, "round3": 0.0}, "14": {"seed": 14, "round6": 0.0, "round5": 0.0, "round4": 0.0, "round2": 0.0, "name": "Fresno St.", "round1": 0.0, "rating": 0.659141, "round3": 0.0}, "15": {"seed": 15, "round6": 9.67e-06, "round5": 5.66e-05, "round4": 0.00038996, "round2": 0.01348492, "name": "Middle Tennessee", "round1": 0.0514809, "rating": 0.593512, "round3": 0.00270746}, "16": {"seed": 16, "round6": 0.0, "round5": 0.0, "round4": 0.0, "round2": 0.0, "name": "Hampton", "round1": 0.0, "rating": 0.366998, "round3": 0.0}}, "south": {"1": {"seed": 1, "round6": 0.19209087, "round5": 0.3212383, "round4": 0.44908694, "round2": 0.85577926, "name": "Kansas", "round1": 1.0, "rating": 0.950304, "round3": 0.68391395}, "2": {"seed": 2, "round6": 0.06324083, "round5": 0.13064171, "round4": 0.21694347, "round2": 0.76701243, "name": "Villanova", "round1": 0.96293972, "rating": 0.935171, "round3": 0.45998255}, "3": {"seed": 3, "round6": 0.01151658, "round5": 0.02817056, "round4": 0.05427164, "round2": 0.40601034, "name": "Miami FL", "round1": 1.0, "rating": 0.897127, "round3": 0.15705493}, "4": {"seed": 4, "round6": 0.00470119, "round5": 0.01324652, "round4": 0.02906334, "round2": 0.43430911, "name": "California", "round1": 0.83441016, "rating": 0.876452, "round3": 0.08757941}, "5": {"seed": 5, "round6": 0.01314886, "round5": 0.03273188, "round4": 0.0640672, "round2": 0.46029038, "name": "Maryland", "round1": 0.79464229, "rating": 0.872416, "round3": 0.14015349}, "6": {"seed": 6, "round6": 0.0, "round5": 0.0, "round4": 0.0, "round2": 0.0, "name": "Arizona", "round1": 0.0, "rating": 0.892664, "round3": 0.0}, "7": {"seed": 7, "round6": 0.00610164, "round5": 0.01549937, "round4": 0.03090081, "round2": 0.18532737, "name": "Iowa", "round1": 0.72194021, "rating": 0.883264, "round3": 0.0859674}, "8": {"seed": 8, "round6": 0.0, "round5": 0.0, "round4": 0.0, "round2": 0.0, "name": "Colorado", "round1": 0.0, "rating": 0.778738, "round3": 0.0}, "9": {"seed": 9, "round6": 0.00454132, "round5": 0.01310344, "round4": 0.02939584, "round2": 0.14422074, "name": "Connecticut", "round1": 1.0, "rating": 0.867739, "round3": 0.07769642}, "10": {"seed": 10, "round6": 9.034e-05, "round5": 0.00042714, "round4": 0.00154871, "round2": 0.04054921, "name": "Temple", "round1": 0.27805979, "rating": 0.702915, "round3": 0.00884945}, "11": {"seed": 11, "round6": 0.03631144, "round5": 0.07436331, "round4": 0.1225782, "round2": 0.59398966, "name": "Wichita St.", "round1": 1.0, "rating": 0.900474, "round3": 0.28715328}, "12": {"seed": 12, "round6": 0.00010655, "round5": 0.00047746, "round4": 0.00164125, "round2": 0.06688261, "name": "South Dakota St.", "round1": 0.20535771, "rating": 0.721652, "round3": 0.00783259}, "13": {"seed": 13, "round6": 1.462e-05, "round5": 8.604e-05, "round4": 0.00038834, "round2": 0.0385179, "name": "Hawaii", "round1": 0.16558984,