{"west": {"1": {"seed": 1, "name": "Arizona", "round6": 0.16507152097, "round4": 0.501574851226, "round5": 0.279418645172, "round2": 1.0, "round3": 0.726268899569, "round1": 1.0}, "2": {"seed": 2, "name": "Wisconsin", "round6": 0.060905993007, "round4": 0.232892094171, "round5": 0.114304582298, "round2": 1.0, "round3": 0.59081830641, "round1": 1.0}, "3": {"seed": 3, "name": "Creighton", "round6": 0.0, "round4": 0.0, "round5": 0.0, "round2": 0.0, "round3": 0.0, "round1": 1.0}, "4": {"seed": 4, "name": "San Diego St.", "round6": 0.013353647604, "round4": 0.133167523051, "round5": 0.039167689046, "round2": 1.0, "round3": 0.273731100431, "round1": 1.0}, "5": {"seed": 5, "name": "Oklahoma", "round6": 0.0, "round4": 0.0, "round5": 0.0, "round2": 0.0, "round3": 0.0, "round1": 0.0}, "6": {"seed": 6, "name": "Baylor", "round6": 0.034853380187, "round4": 0.132365531551, "round5": 0.06499559789, "round2": 1.0, "round3": 0.40918169359, "round1": 1.0}, "7": {"seed": 7, "name": "Oregon", "round6": 0.0, "round4": 0.0, "round5": 0.0, "round2": 0.0, "round3": 0.0, "round1": 1.0}, "8": {"seed": 8, "name": "Gonzaga", "round6": 0.0, "round4": 0.0, "round5": 0.0, "round2": 0.0, "round3": 0.0, "round1": 1.0}, "9": {"seed": 9, "name": "Oklahoma St.", "round6": 0.0, "round4": 0.0, "round5": 0.0, "round2": 0.0, "round3": 0.0, "round1": 0.0}, "10": {"seed": 10, "name": "BYU", "round6": 0.0, "round4": 0.0, "round5": 0.0, "round2": 0.0, "round3": 0.0, "round1": 0.0}, "11": {"seed": 11, "name": "Nebraska", "round6": 0.0, "round4": 0.0, "round5": 0.0, "round2": 0.0, "round3": 0.0, "round1": 0.0}, "12": {"seed": 12, "name": "ND State", "round6": 0.0, "round4": 0.0, "round5": 0.0, "round2": 0.0, "round3": 0.0, "round1": 1.0}, "13": {"seed": 13, "name": "NM State", "round6": 0.0, "round4": 0.0, "round5": 0.0, "round2": 0.0, "round3": 0.0, "round1": 0.0}, "14": {"seed": 14, "name": "Louisiana Laf.", "round6": 0.0, "round4": 0.0, "round5": 0.0, "round2": 0.0, "round3": 0.0, "round1": 0.0}, "15": {"seed": 15, "name": "American", "round6": 0.0, "round4": 0.0, "round5": 0.0, "round2": 0.0, "round3": 0.0, "round1": 0.0}, "16": {"seed": 16, "name": "Weber St.", "round6": 0.0, "round4": 0.0, "round5": 0.0, "round2": 0.0, "round3": 0.0, "round1": 0.0}}, "east": {"1": {"seed": 1, "name": "Virginia", "round6": 0.085488143326, "round4": 0.31019475479, "round5": 0.174084035217, "round2": 1.0, "round3": 0.492752765159, "round1": 1.0}, "2": {"seed": 2, "name": "Villanova", "round6": 0.0, "round4": 0.0, "round5": 0.0, "round2": 0.0, "round3": 0.0, "round1": 1.0}, "3": {"seed": 3, "name": "Iowa St.", "round6": 0.027853675506, "round4": 0.174105586729, "round5": 0.075587404111, "round2": 1.0, "round3": 0.484051531222, "round1": 1.0}, "4": {"seed": 4, "name": "Michigan St.", "round6": 0.080226830309, "round4": 0.321887006348, "round5": 0.172486785333, "round2": 1.0, "round3": 0.507247234841, "round1": 1.0}, "5": {"seed": 5, "name": "Cincinnati", "round6": 0.0, "round4": 0.0, "round5": 0.0, "round2": 0.0, "round3": 0.0, "round1": 0.0}, "6": {"seed": 6, "name": "North Carolina", "round6": 0.0, "round4": 0.0, "round5": 0.0, "round2": 0.0, "round3": 0.0, "round1": 1.0}, "7": {"seed": 7, "name": "Connecticut", "round6": 0.026094738645, "round4": 0.193812652133, "round5": 0.077423926149, "round2": 1.0, "round3": 0.515948468778, "round1": 1.0}, "8": {"seed": 8, "name": "Memphis", "round6": 0.0, "round4": 0.0, "round5": 0.0, "round2": 0.0, "round3": 0.0, "round1": 1.0}, "9": {"seed": 9, "name": "George Wash.", "round6": 0.0, "round4": 0.0, "round5": 0.0, "round2": 0.0, "round3": 0.0, "round1": 0.0}, "10": {"seed": 10, "name": "St. Joseph's", "round6": 0.0, "round4": 0.0, "round5": 0.0, "round2": 0.0, "round3": 0.0, "round1": 0.0}, "11": {"seed": 11, "name": "Providence", "round6": 0.0, "round4": 0.0, "round5": 0.0, "round2": 0.0, "round3": 0.0, "round1": 0.0}, "12": {"seed": 12, "name": "Harvard", "round6": 0.0, "round4": 0.0, "round5": 0.0, "round2": 0.0, "round3": 0.0, "round1": 1.0}, "13": {"seed": 13, "name": "Delaware", "round6": 0.0, "round4": 0.0, "round5": 0.0, "round2": 0.0, "round3": 0.0, "round1": 0.0}, "14": {"seed": 14, "name": "NC Central", "round6": 0.0, "round4": 0.0, "round5": 0.0, "round2": 0.0, "round3": 0.0, "round1": 0.0}, "15": {"seed": 15, "name": "Milwaukee", "round6": 0.0, "round4": 0.0, "round5": 0.0, "round2": 0.0, "round3": 0.0, "round1": 0.0}, "16": {"seed": 16, "name": "Coast. Car.", "round6": 0.0, "round4": 0.0, "round5": 0.0, "round2": 0.0, "round3": 0.0, "round1": 0.0}}, "midwest": {"1": {"seed": 1, "name": "Wichita St.", "round6": 0.0, "round4": 0.0, "round5": 0.0, "round2": 0.0, "round3": 0.0, "round1": 1.0}, "2": {"seed": 2, "name": "Michigan", "round6": 0.036124218091, "round4": 0.189343230012, "round5": 0.079097190835, "round2": 1.0, "round3": 0.525402336023, "round1": 1.0}, "3": {"seed": 3, "name": "Duke", "round6": 0.0, "round4": 0.0, "round5": 0.0, "round2": 0.0, "round3": 0.0, "round1": 0.0}, "4": {"seed": 4, "name": "Louisville", "round6": 0.167582006345, "round4": 0.470580707961, "round5": 0.274144057341, "round2": 1.0, "round3": 0.677027554042, "round1": 1.0}, "5": {"seed": 5, "name": "Saint Louis", "round6": 0.0, "round4": 0.0, "round5": 0.0, "round2": 0.0, "round3": 0.0, "round1": 1.0}, "6": {"seed": 6, "name": "UMass", "round6": 0.0, "round4": 0.0, "round5": 0.0, "round2": 0.0, "round3": 0.0, "round1": 0.0}, "7": {"seed": 7, "name": "Texas", "round6": 0.0, "round4": 0.0, "round5": 0.0, "round2": 0.0, "round3": 0.0, "round1": 1.0}, "8": {"seed": 8, "name": "Kentucky", "round6": 0.036841868131, "round4": 0.174861514198, "round5": 0.076985804312, "round2": 1.0, "round3": 0.322972445958, "round1": 1.0}, "9": {"seed": 9, "name": "Kansas St.", "round6": 0.0, "round4": 0.0, "round5": 0.0, "round2": 0.0, "round3": 0.0, "round1": 0.0}, "10": {"seed": 10, "name": "Arizona St.", "round6": 0.0, "round4": 0.0, "round5": 0.0, "round2": 0.0, "round3": 0.0, "round1": 0.0}, "11": {"seed": 11, "name": "Tennessee", "round6": 0.03444434368, "round4": 0.165214547829, "round5": 0.071886433106, "round2": 1.0, "round3": 0.474597663977, "round1": 1.0}, "12": {"seed": 12, "name": "NC State", "round6": 0.0, "round4": 0.0, "round5": 0.0, "round2": 0.0, "round3": 0.0, "round1": 0.0}, "13": {"seed": 13, "name": "Manhattan", "round6": 0.0, "round4": 0.0, "round5": 0.0, "round2": 0.0, "round3": 0.0, "round1": 0.0}, "14": {"seed": 14, "name": "Mercer", "round6": 0.0, "round4": 0.0, "round5": 0.0, "round2": 0.0, "round3": 0.0, "round1": 1.0}, "15": {"seed": 15, "name": "Wofford", "round6": 0.0, "round4": 0.0, "round5": 0.0, "round2": 0.0, "round3": 0.0, "round1": 0.0}, "16": {"seed": 16, "name": "Cal Poly", "round6": 0.0, "round4": 0.0, "round5": 0.0, "round2": 0.0, "round3": 0.0, "round1": 0.0}}, "south": {"1": {"seed": 1, "name": "Florida", "round6": 0.183783949435, "round4": 0.596505250654, "round5": 0.354676777086, "round2": 1.0, "round3": 0.716372085446, "round1": 1.0}, "2": {"seed": 2, "name": "Kansas", "round6": 0.0, "round4": 0.0, "round5": 0.0, "round2": 0.0, "round3": 0.0, "round1": 1.0}, "3": {"seed": 3, "name": "Syracuse", "round6": 0.0, "round4": 0.0, "round5": 0.0, "round2": 0.0, "round3": 0.0, "round1": 1.0}, "4": {"seed": 4, "name": "UCLA", "round6": 0.033200184894, "round4": 0.192339170979, "round5": 0.086368234395, "round2": 1.0, "round3": 0.283627914554, "round1": 1.0}, "5": {"seed": 5, "name": "VCU", "round6": 0.0, "round4": 0.0, "round5": 0.0, "round2": 0.0, "round3": 0.0, "round1": 0.0}, "6": {"seed": 6, "name": "Ohio St.", "round6": 0.0, "round4": 0.0, "round5": 0.0, "round2": 0.0, "round3": 0.0, "round1": 0.0}, "7": {"seed": 7, "name": "New Mexico", "round6": 0.0, "round4": 0.0, "round5": 0.0, "round2": 0.0, "round3": 0.0, "round1": 0.0}, "8": {"seed": 8, "name": "Colorado", "round6": 0.0, "round4": 0.0, "round5": 0.0, "round2": 0.0, "round3": 0.0, "round1": 0.0}, "9": {"seed": 9, "name": "Pittsburgh", "round6": 0.0, "round4": 0.0, "round5": 0.0, "round2": 0.0,