{"midwest": {"1": {"name": "Virginia", "seed": 1, "round4": 0.30355732, "round2": 0.80380925, "round6": 0.09812291, "round5": 0.17223795, "round3": 0.51767831, "round1": 0.98257765, "rating": 0.948189}, "2": {"name": "Michigan St.", "seed": 2, "round4": 0.33937835, "round2": 0.77629788, "round6": 0.08933146, "round5": 0.17270088, "round3": 0.59476162, "round1": 0.9485191, "rating": 0.945019}, "3": {"name": "Utah", "seed": 3, "round4": 0.05296992, "round2": 0.4955672, "round6": 0.00820703, "round5": 0.02032035, "round3": 0.15469945, "round1": 0.87009917, "rating": 0.854671}, "4": {"name": "Iowa St.", "seed": 4, "round4": 0.06397299, "round2": 0.40173385, "round6": 0.01033111, "round5": 0.02509005, "round3": 0.14743067, "round1": 0.84070229, "rating": 0.891989}, "5": {"name": "Purdue", "seed": 5, "round4": 0.12956658, "round2": 0.51862565, "round6": 0.0268262, "round5": 0.05802096, "round3": 0.24470148, "round1": 0.8419116, "rating": 0.907842}, "6": {"name": "Seton Hall", "seed": 6, "round4": 0.01819683, "round2": 0.1714058, "round6": 0.00232791, "round5": 0.00630266, "round3": 0.05331916, "round1": 0.39818101, "rating": 0.867337}, "7": {"name": "Dayton", "seed": 7, "round4": 0.01567429, "round2": 0.11287306, "round6": 0.00140379, "round5": 0.00449066, "round3": 0.05315441, "round1": 0.52355784, "rating": 0.780893}, "8": {"name": "Texas Tech", "seed": 8, "round4": 0.00382012, "round2": 0.04701794, "round6": 0.00040412, "round5": 0.00119576, "round3": 0.01374853, "round1": 0.33060551, "rating": 0.809597}, "9": {"name": "Butler", "seed": 9, "round4": 0.02494155, "round2": 0.14723674, "round6": 0.00304062, "round5": 0.00841967, "round3": 0.06305958, "round1": 0.66939449, "rating": 0.812995}, "10": {"name": "Syracuse", "seed": 10, "round4": 0.01255474, "round2": 0.09734414, "round6": 0.00112578, "round5": 0.00359924, "round3": 0.04430409, "round1": 0.47644216, "rating": 0.811142}, "11": {"name": "Gonzaga", "seed": 11, "round4": 0.03161595, "round2": 0.30534, "round6": 0.00455642, "round5": 0.01166896, "round3": 0.09376385, "round1": 0.60181899, "rating": 0.860704}, "12": {"name": "Arkansas Little Rock", "seed": 12, "round4": 0.00191855, "round2": 0.04770128, "round6": 0.00013435, "round5": 0.00048245, "round3": 0.00826443, "round1": 0.1580884, "rating": 0.798066}, "13": {"name": "Iona", "seed": 13, "round4": 0.00106553, "round2": 0.03193922, "round6": 4.712e-05, "round5": 0.00021028, "round3": 0.0050085, "round1": 0.15929771, "rating": 0.73033}, "14": {"name": "Fresno St.", "seed": 14, "round4": 0.00039728, "round2": 0.027687, "round6": 1.235e-05, "round5": 6.518e-05, "round3": 0.00311017, "round1": 0.12990083, "rating": 0.659141}, "15": {"name": "Middle Tennessee", "seed": 15, "round4": 0.00036377, "round2": 0.01348492, "round6": 9.11e-06, "round5": 5.332e-05, "round3": 0.00288726, "round1": 0.0514809, "rating": 0.593512}, "16": {"name": "Hampton", "seed": 16, "round4": 6.24e-06, "round2": 0.00193607, "round6": 2e-08, "round5": 3.5e-07, "round3": 0.00010849, "round1": 0.01742235, "rating": 0.366998}}, "west": {"1": {"name": "Oregon", "seed": 1, "round4": 0.22636162, "round2": 0.72203287, "round6": 0.02575957, "round5": 0.07234725, "round3": 0.43961241, "round1": 0.97687859, "rating": 0.912309}, "2": {"name": "Oklahoma", "seed": 2, "round4": 0.31970067, "round2": 0.82132961, "round6": 0.0681025, "round5": 0.1428538, "round3": 0.53341957, "round1": 0.95858319, "rating": 0.919907}, "3": {"name": "Texas A&M", "seed": 3, "round4": 0.12413686, "round2": 0.5494919, "round6": 0.02372261, "round5": 0.052336, "round3": 0.24167014, "round1": 0.88231513, "rating": 0.892642}, "4": {"name": "Duke", "seed": 4, "round4": 0.12109972, "round2": 0.54298653, "round6": 0.01714, "round5": 0.04348119, "round3": 0.26249249, "round1": 0.84597916, "rating": 0.875167}, "5": {"name": "Baylor", "seed": 5, "round4": 0.060489, "round2": 0.27071246, "round6": 0.01019246, "round5": 0.02384094, "round3": 0.13099527, "round1": 0.61274924, "rating": 0.870648}, "6": {"name": "Texas", "seed": 6, "round4": 0.05881695, "round2": 0.32721314, "round6": 0.00849516, "round5": 0.02134828, "round3": 0.12683644, "round1": 0.70010916, "rating": 0.848832}, "7": {"name": "Oregon St.", "seed": 7, "round4": 0.00234282, "round2": 0.02682859, "round6": 5.987e-05, "round5": 0.00034114, "round3": 0.00814584, "round1": 0.26556296, "rating": 0.768946}, "8": {"name": "Saint Joseph's", "seed": 8, "round4": 0.0112186, "round2": 0.09322671, "round6": 0.00071111, "round5": 0.00262887, "round3": 0.03568588, "round1": 0.39351391, "rating": 0.816072}, "9": {"name": "Cincinnati", "seed": 9, "round4": 0.03188932, "round2": 0.18259449, "round6": 0.00304924, "round5": 0.0092906, "round3": 0.08393883, "round1": 0.60648609, "rating": 0.841554}, "10": {"name": "VCU", "seed": 10, "round4": 0.02168932, "round2": 0.13989595, "round6": 0.00168649, "round5": 0.00566235, "round3": 0.05707852, "round1": 0.73443704, "rating": 0.826164}, "11": {"name": "Northern Iowa", "seed": 11, "round4": 0.0084253, "round2": 0.09516434, "round6": 0.00047461, "round5": 0.00185521, "round3": 0.02507946, "round1": 0.29989084, "rating": 0.723906}, "12": {"name": "Yale", "seed": 12, "round4": 0.00980374, "round2": 0.13930259, "round6": 0.00044526, "round5": 0.00192763, "round3": 0.03700786, "round1": 0.38725076, "rating": 0.81255}, "13": {"name": "UNC Wilmington", "seed": 13, "round4": 0.00219083, "round2": 0.04699842, "round6": 7.368e-05, "round5": 0.00036807, "round3": 0.01008468, "round1": 0.15402084, "rating": 0.72885}, "14": {"name": "Green Bay", "seed": 14, "round4": 0.0009999, "round2": 0.02813062, "round6": 2.398e-05, "round5": 0.00014087, "round3": 0.00456128, "round1": 0.11768487, "rating": 0.619562}, "15": {"name": "Cal St. Bakersfield", "seed": 15, "round4": 0.00082242, "round2": 0.01194585, "round6": 1.155e-05, "round5": 8.785e-05, "round3": 0.00320875, "round1": 0.04141681, "rating": 0.687313}, "16": {"name": "Southern", "seed": 16, "round4": 9.26e-06, "round2": 0.00131777, "round6": 5e-08, "round5": 6.2e-07, "round3": 0.00012177, "round1": 0.01317002, "rating": 0.359193}}, "south": {"1": {"name": "Kansas", "seed": 1, "round4": 0.44942555, "round2": 0.86031066, "round6": 0.19053139, "round5": 0.31879806, "round3": 0.67910561, "round1": 0.99027066, "rating": 0.950304}, "2": {"name": "Villanova", "seed": 2, "round4": 0.22254275, "round2": 0.76701243, "round6": 0.06388272, "round5": 0.13224493, "round3": 0.47270538, "round1": 0.96293972, "rating": 0.935171}, "3": {"name": "Miami FL", "seed": 3, "round4": 0.05013132, "round2": 0.36991532, "round6": 0.01059523, "round5": 0.02578158, "round3": 0.14398713, "round1": 0.85764429, "rating": 0.897127}, "4": {"name": "California", "seed": 4, "round4": 0.0397645, "round2": 0.47614677, "round6": 0.00715512, "round5": 0.01892783, "round3": 0.1086855, "round1": 0.85542774, "rating": 0.876452}, "5": {"name": "Maryland", "seed": 5, "round4": 0.06256299, "round2": 0.42966905, "round6": 0.01279134, "round5": 0.03166823, "round3": 0.13410495, "round1": 0.79464229, "rating": 0.872416}, "6": {"name": "Arizona", "seed": 6, "round4": 0.06213827, "round2": 0.33209294, "round6": 0.0182432, "round5": 0.03731344, "round3": 0.15258642, "round1": 0.5346827, "rating": 0.892664}, "7": {"name": "Iowa", "seed": 7, "round4": 0.03200172, "round2": 0.18532737, "round6": 0.00619198, "round5": 0.01577552, "round3": 0.08927356, "round1": 0.72194021, "rating": 0.883264}, "8": {"name": "Colorado", "seed": 8, "round4": 0.00413982, "round2": 0.03928262, "round6": 0.00044932, "round5": 0.00153876, "round3": 0.01515909, "round1": 0.36337233, "rating": 0.778738}, "9": {"name": "Connecticut", "seed": 9, "round4": 0.02072957, "round2": 0.09951278, "round6": 0.00325782, "round5": 0.00924016, "round3": 0.0528118, "round1": 0.63662767, "rating": 0.867739}, "10": {"name": "Temple", "seed": 10, "round4": 0.00164487, "round2": 0.04054921, "round6": 9.305e-05, "round5": 0.00044202, "round3": 0.0094281, "round1": 0.27805979, "rating": 0.702915},