{"west": {"1": {"seed": 1, "name": "Arizona", "round6": 0.131518305, "round4": 0.402896209, "round5": 0.222821748, "round2": 0.726876539, "round3": 0.583578089, "round1": 0.97769524}, "2": {"seed": 2, "name": "Wisconsin", "round6": 0.057911487, "round4": 0.216253015, "round5": 0.10712202, "round2": 0.771997411, "round3": 0.476514273, "round1": 1.0}, "3": {"seed": 3, "name": "Creighton", "round6": 0.023554322, "round4": 0.105107149, "round5": 0.047479852, "round2": 0.543847562, "round3": 0.2552486, "round1": 0.883050561}, "4": {"seed": 4, "name": "San Diego St.", "round6": 0.007812981, "round4": 0.092671195, "round5": 0.024852054, "round2": 0.645844327, "round3": 0.201049405, "round1": 1.0}, "5": {"seed": 5, "name": "Oklahoma", "round6": 0.0, "round4": 0.0, "round5": 0.0, "round2": 0.0, "round3": 0.0, "round1": 0.0}, "6": {"seed": 6, "name": "Baylor", "round6": 0.006942446, "round4": 0.036521024, "round5": 0.015081268, "round2": 0.338102692, "round3": 0.118113694, "round1": 0.703236757}, "7": {"seed": 7, "name": "Oregon", "round6": 0.006430359, "round4": 0.048016815, "round5": 0.016400014, "round2": 0.228002589, "round3": 0.124164078, "round1": 1.0}, "8": {"seed": 8, "name": "Gonzaga", "round6": 0.005427552, "round4": 0.037293782, "round5": 0.0133452, "round2": 0.12619104, "round3": 0.077718559, "round1": 0.479870069}, "9": {"seed": 9, "name": "Oklahoma St.", "round6": 0.010799509, "round4": 0.044269194, "round5": 0.020888539, "round2": 0.144276088, "round3": 0.090314441, "round1": 0.520129931}, "10": {"seed": 10, "name": "BYU", "round6": 0.0, "round4": 0.0, "round5": 0.0, "round2": 0.0, "round3": 0.0, "round1": 0.0}, "11": {"seed": 11, "name": "Nebraska", "round6": 0.000432818, "round4": 0.005221986, "round5": 0.001377507, "round2": 0.091637777, "round3": 0.022963742, "round1": 0.296763243}, "12": {"seed": 12, "name": "ND State", "round6": 0.000561689, "round4": 0.011334568, "round5": 0.002270231, "round2": 0.354155673, "round3": 0.046754118, "round1": 1.0}, "13": {"seed": 13, "name": "NM State", "round6": 0.0, "round4": 0.0, "round5": 0.0, "round2": 0.0, "round3": 0.0, "round1": 0.0}, "14": {"seed": 14, "name": "Louisiana Laf.", "round6": 1.06043e-05, "round4": 0.000334468, "round5": 5.24552e-05, "round2": 0.026411969, "round3": 0.002995613, "round1": 0.116949439}, "15": {"seed": 15, "name": "American", "round6": 0.0, "round4": 0.0, "round5": 0.0, "round2": 0.0, "round3": 0.0, "round1": 0.0}, "16": {"seed": 16, "name": "Weber St.", "round6": 9.42851e-07, "round4": 8.05948e-05, "round5": 7.38832e-06, "round2": 0.002656332, "round3": 0.000585388, "round1": 0.02230476}}, "east": {"1": {"seed": 1, "name": "Virginia", "round6": 0.0598998, "round4": 0.22173708, "round5": 0.119918506, "round2": 0.707824942, "round3": 0.37659774, "round1": 0.963891641}, "2": {"seed": 2, "name": "Villanova", "round6": 0.045086366, "round4": 0.216018856, "round5": 0.102823906, "round2": 0.648972417, "round3": 0.423180351, "round1": 1.0}, "3": {"seed": 3, "name": "Iowa St.", "round6": 0.012014916, "round4": 0.076959538, "round5": 0.031677883, "round2": 0.463801514, "round3": 0.193134672, "round1": 0.812359445}, "4": {"seed": 4, "name": "Michigan St.", "round6": 0.069348213, "round4": 0.272443734, "round5": 0.143120919, "round2": 0.772323759, "round3": 0.450698623, "round1": 1.0}, "5": {"seed": 5, "name": "Cincinnati", "round6": 0.0, "round4": 0.0, "round5": 0.0, "round2": 0.0, "round3": 0.0, "round1": 0.0}, "6": {"seed": 6, "name": "North Carolina", "round6": 0.008281106, "round4": 0.059716346, "round5": 0.023155178, "round2": 0.363762161, "round3": 0.150567917, "round1": 0.679637368}, "7": {"seed": 7, "name": "Connecticut", "round6": 0.008906585, "round4": 0.074628106, "round5": 0.026849012, "round2": 0.351027583, "round3": 0.187661481, "round1": 1.0}, "8": {"seed": 8, "name": "Memphis", "round6": 0.002753018, "round4": 0.022506967, "round5": 0.008180962, "round2": 0.166598237, "round3": 0.056198613, "round1": 0.550041201}, "9": {"seed": 9, "name": "George Wash.", "round6": 0.000835379, "round4": 0.0116766, "round5": 0.003237282, "round2": 0.119907151, "round3": 0.033900359, "round1": 0.449958799}, "10": {"seed": 10, "name": "St. Joseph's", "round6": 0.0, "round4": 0.0, "round5": 0.0, "round2": 0.0, "round3": 0.0, "round1": 0.0}, "11": {"seed": 11, "name": "Providence", "round6": 0.000686858, "round4": 0.010595727, "round5": 0.002794094, "round2": 0.121140229, "round3": 0.036247773, "round1": 0.320362632}, "12": {"seed": 12, "name": "Harvard", "round6": 0.002575888, "round4": 0.032004875, "round5": 0.009427706, "round2": 0.227676241, "round3": 0.082238383, "round1": 1.0}, "13": {"seed": 13, "name": "Delaware", "round6": 0.0, "round4": 0.0, "round5": 0.0, "round2": 0.0, "round3": 0.0, "round1": 0.0}, "14": {"seed": 14, "name": "NC Central", "round6": 5.59816e-05, "round4": 0.001676944, "round5": 0.000314803, "round2": 0.051296096, "round3": 0.009207807, "round1": 0.187640555}, "15": {"seed": 15, "name": "Milwaukee", "round6": 0.0, "round4": 0.0, "round5": 0.0, "round2": 0.0, "round3": 0.0, "round1": 0.0}, "16": {"seed": 16, "name": "Coast. Car.", "round6": 2.34906e-07, "round4": 3.52264e-05, "round5": 2.88583e-06, "round2": 0.00566967, "round3": 0.000366283, "round1": 0.036108359}}, "midwest": {"1": {"seed": 1, "name": "Wichita St.", "round6": 0.045025858, "round4": 0.133934722, "round5": 0.077082429, "round2": 0.591415205, "round3": 0.240833362, "round1": 0.975453921}, "2": {"seed": 2, "name": "Michigan", "round6": 0.030034473, "round4": 0.152302913, "round5": 0.06667704, "round2": 0.786885988, "round3": 0.39185855, "round1": 1.0}, "3": {"seed": 3, "name": "Duke", "round6": 0.045031279, "round4": 0.174490016, "round5": 0.087724805, "round2": 0.683485419, "round3": 0.408355794, "round1": 0.92916605}, "4": {"seed": 4, "name": "Louisville", "round6": 0.136614686, "round4": 0.375575557, "round5": 0.225518753, "round2": 0.822264882, "round3": 0.545973999, "round1": 1.0}, "5": {"seed": 5, "name": "Saint Louis", "round6": 0.002882907, "round4": 0.022491195, "round5": 0.007859245, "round2": 0.177735118, "round3": 0.059424656, "round1": 1.0}, "6": {"seed": 6, "name": "UMass", "round6": 0.000295683, "round4": 0.003717284, "round5": 0.001011175, "round2": 0.056982986, "round3": 0.01861696, "round1": 0.294573469}, "7": {"seed": 7, "name": "Texas", "round6": 0.001205615, "round4": 0.00942345, "round5": 0.003284489, "round2": 0.213114012, "round3": 0.052565547, "round1": 1.0}, "8": {"seed": 8, "name": "Kentucky", "round6": 0.019198656, "round4": 0.079097021, "round5": 0.038469378, "round2": 0.34026022, "round3": 0.140502803, "round1": 0.739316299}, "9": {"seed": 9, "name": "Kansas St.", "round6": 0.000532453, "round4": 0.004259028, "round5": 0.001463931, "round2": 0.066558357, "round3": 0.01319807, "round1": 0.260683701}, "10": {"seed": 10, "name": "Arizona St.", "round6": 0.0, "round4": 0.0, "round5": 0.0, "round2": 0.0, "round3": 0.0, "round1": 0.0}, "11": {"seed": 11, "name": "Tennessee", "round6": 0.008591044, "round4": 0.044223222, "round5": 0.019114931, "round2": 0.241660204, "round3": 0.124715585, "round1": 0.705426531}, "12": {"seed": 12, "name": "NC State", "round6": 0.0, "round4": 0.0, "round5": 0.0, "round2": 0.0, "round3": 0.0, "round1": 0.0}, "13": {"seed": 13, "name": "Manhattan", "round6": 0.0, "round4": 0.0, "round5": 0.0, "round2": 0.0, "round3": 0.0, "round1": 0.0}, "14": {"seed": 14, "name": "Mercer", "round6": 2.07778e-05, "round4": 0.000479972, "round5": 9.49168e-05, "round2": 0.017871391, "round3": 0.003887564, "round1": 0.07083395}, "15": {"seed": 15, "name": "Wofford", "round6": 0.0, "round4": 0.0, "round5": 0.0, "round2": 0.0, "round3": 0.0, "round1": 0.0}, "16": {"seed": 16, "name": "Cal Poly", "round6": 8.3504e-08, "round4": 5.61994e-06, "round5": 6.31344e-07, "round2": 0.001766219, "round3": 6.71098e-05, "round1": 0.024546079}}, "south": {"1": {"seed": 1, "name": "Florida", "round6": 0.110290523, "round4": 0.350032257, "round5": 0.210037322,