{"west": {"1": {"seed": 1, "name": "Arizona", "round6": 0.095741726635, "round4": 0.335611112646, "round5": 0.172810857418, "round2": 0.726592870717, "round3": 0.508313441414, "round1": 1.0}, "2": {"seed": 2, "name": "Wisconsin", "round6": 0.068447585178, "round4": 0.272701670578, "round5": 0.130387362811, "round2": 1.0, "round3": 0.592370698728, "round1": 1.0}, "3": {"seed": 3, "name": "Creighton", "round6": 0.021600138987, "round4": 0.102969743689, "round5": 0.044865808095, "round2": 0.54404909665, "round3": 0.246525632609, "round1": 1.0}, "4": {"seed": 4, "name": "San Diego St.", "round6": 0.015520421343, "round4": 0.168594885161, "round5": 0.047227370349, "round2": 1.0, "round3": 0.352325659942, "round1": 1.0}, "5": {"seed": 5, "name": "Oklahoma", "round6": 0.0, "round4": 0.0, "round5": 0.0, "round2": 0.0, "round3": 0.0, "round1": 0.0}, "6": {"seed": 6, "name": "Baylor", "round6": 0.01036611168, "round4": 0.053110094666, "round5": 0.02219656224, "round2": 0.45595090335, "round3": 0.161103668662, "round1": 1.0}, "7": {"seed": 7, "name": "Oregon", "round6": 0.0, "round4": 0.0, "round5": 0.0, "round2": 0.0, "round3": 0.0, "round1": 1.0}, "8": {"seed": 8, "name": "Gonzaga", "round6": 0.009667374182, "round4": 0.06701249326, "round5": 0.023825254982, "round2": 0.273407129283, "round3": 0.139360898643, "round1": 1.0}, "9": {"seed": 9, "name": "Oklahoma St.", "round6": 0.0, "round4": 0.0, "round5": 0.0, "round2": 0.0, "round3": 0.0, "round1": 0.0}, "10": {"seed": 10, "name": "BYU", "round6": 0.0, "round4": 0.0, "round5": 0.0, "round2": 0.0, "round3": 0.0, "round1": 0.0}, "11": {"seed": 11, "name": "Nebraska", "round6": 0.0, "round4": 0.0, "round5": 0.0, "round2": 0.0, "round3": 0.0, "round1": 0.0}, "12": {"seed": 12, "name": "ND State", "round6": 0.0, "round4": 0.0, "round5": 0.0, "round2": 0.0, "round3": 0.0, "round1": 1.0}, "13": {"seed": 13, "name": "NM State", "round6": 0.0, "round4": 0.0, "round5": 0.0, "round2": 0.0, "round3": 0.0, "round1": 0.0}, "14": {"seed": 14, "name": "Louisiana Laf.", "round6": 0.0, "round4": 0.0, "round5": 0.0, "round2": 0.0, "round3": 0.0, "round1": 0.0}, "15": {"seed": 15, "name": "American", "round6": 0.0, "round4": 0.0, "round5": 0.0, "round2": 0.0, "round3": 0.0, "round1": 0.0}, "16": {"seed": 16, "name": "Weber St.", "round6": 0.0, "round4": 0.0, "round5": 0.0, "round2": 0.0, "round3": 0.0, "round1": 0.0}}, "east": {"1": {"seed": 1, "name": "Virginia", "round6": 0.050133273707, "round4": 0.205238430233, "round5": 0.102807833959, "round2": 0.709949606895, "round3": 0.33634447569, "round1": 1.0}, "2": {"seed": 2, "name": "Villanova", "round6": 0.0, "round4": 0.0, "round5": 0.0, "round2": 0.0, "round3": 0.0, "round1": 1.0}, "3": {"seed": 3, "name": "Iowa St.", "round6": 0.018394285072, "round4": 0.112844388794, "round5": 0.04588882548, "round2": 0.55723928483, "round3": 0.280401534226, "round1": 1.0}, "4": {"seed": 4, "name": "Michigan St.", "round6": 0.085002718512, "round4": 0.364733971689, "round5": 0.178418678251, "round2": 1.0, "round3": 0.579437607901, "round1": 1.0}, "5": {"seed": 5, "name": "Cincinnati", "round6": 0.0, "round4": 0.0, "round5": 0.0, "round2": 0.0, "round3": 0.0, "round1": 0.0}, "6": {"seed": 6, "name": "North Carolina", "round6": 0.009048060068, "round4": 0.075100557535, "round5": 0.026245681814, "round2": 0.44276071517, "round3": 0.205380973626, "round1": 1.0}, "7": {"seed": 7, "name": "Connecticut", "round6": 0.025549039673, "round4": 0.205695900134, "round5": 0.072824037641, "round2": 1.0, "round3": 0.514217492147, "round1": 1.0}, "8": {"seed": 8, "name": "Memphis", "round6": 0.004172780465, "round4": 0.036386751615, "round5": 0.012363015074, "round2": 0.290050393105, "round3": 0.08421791641, "round1": 1.0}, "9": {"seed": 9, "name": "George Wash.", "round6": 0.0, "round4": 0.0, "round5": 0.0, "round2": 0.0, "round3": 0.0, "round1": 0.0}, "10": {"seed": 10, "name": "St. Joseph's", "round6": 0.0, "round4": 0.0, "round5": 0.0, "round2": 0.0, "round3": 0.0, "round1": 0.0}, "11": {"seed": 11, "name": "Providence", "round6": 0.0, "round4": 0.0, "round5": 0.0, "round2": 0.0, "round3": 0.0, "round1": 0.0}, "12": {"seed": 12, "name": "Harvard", "round6": 0.0, "round4": 0.0, "round5": 0.0, "round2": 0.0, "round3": 0.0, "round1": 1.0}, "13": {"seed": 13, "name": "Delaware", "round6": 0.0, "round4": 0.0, "round5": 0.0, "round2": 0.0, "round3": 0.0, "round1": 0.0}, "14": {"seed": 14, "name": "NC Central", "round6": 0.0, "round4": 0.0, "round5": 0.0, "round2": 0.0, "round3": 0.0, "round1": 0.0}, "15": {"seed": 15, "name": "Milwaukee", "round6": 0.0, "round4": 0.0, "round5": 0.0, "round2": 0.0, "round3": 0.0, "round1": 0.0}, "16": {"seed": 16, "name": "Coast. Car.", "round6": 0.0, "round4": 0.0, "round5": 0.0, "round2": 0.0, "round3": 0.0, "round1": 0.0}}, "midwest": {"1": {"seed": 1, "name": "Wichita St.", "round6": 0.046152830294, "round4": 0.124718768946, "round5": 0.077192002641, "round2": 0.578640202491, "round3": 0.208491164886, "round1": 1.0}, "2": {"seed": 2, "name": "Michigan", "round6": 0.042704464217, "round4": 0.210522918886, "round5": 0.096584399254, "round2": 1.0, "round3": 0.600652483766, "round1": 1.0}, "3": {"seed": 3, "name": "Duke", "round6": 0.0, "round4": 0.0, "round5": 0.0, "round2": 0.0, "round3": 0.0, "round1": 0.0}, "4": {"seed": 4, "name": "Louisville", "round6": 0.173669069077, "round4": 0.460650035446, "round5": 0.288525268986, "round2": 1.0, "round3": 0.648688525386, "round1": 1.0}, "5": {"seed": 5, "name": "Saint Louis", "round6": 0.0, "round4": 0.0, "round5": 0.0, "round2": 0.0, "round3": 0.0, "round1": 1.0}, "6": {"seed": 6, "name": "UMass", "round6": 0.0, "round4": 0.0, "round5": 0.0, "round2": 0.0, "round3": 0.0, "round1": 0.0}, "7": {"seed": 7, "name": "Texas", "round6": 0.0, "round4": 0.0, "round5": 0.0, "round2": 0.0, "round3": 0.0, "round1": 1.0}, "8": {"seed": 8, "name": "Kentucky", "round6": 0.020038159745, "round4": 0.082372375562, "round5": 0.041349894761, "round2": 0.421359797509, "round3": 0.142820309728, "round1": 1.0}, "9": {"seed": 9, "name": "Kansas St.", "round6": 0.0, "round4": 0.0, "round5": 0.0, "round2": 0.0, "round3": 0.0, "round1": 0.0}, "10": {"seed": 10, "name": "Arizona St.", "round6": 0.0, "round4": 0.0, "round5": 0.0, "round2": 0.0, "round3": 0.0, "round1": 0.0}, "11": {"seed": 11, "name": "Tennessee", "round6": 0.024244388619, "round4": 0.118260948167, "round5": 0.054258349535, "round2": 0.810641139226, "round3": 0.367189135106, "round1": 1.0}, "12": {"seed": 12, "name": "NC State", "round6": 0.0, "round4": 0.0, "round5": 0.0, "round2": 0.0, "round3": 0.0, "round1": 0.0}, "13": {"seed": 13, "name": "Manhattan", "round6": 0.0, "round4": 0.0, "round5": 0.0, "round2": 0.0, "round3": 0.0, "round1": 0.0}, "14": {"seed": 14, "name": "Mercer", "round6": 0.000175666636, "round4": 0.003474952993, "round5": 0.000776868928, "round2": 0.189358860774, "round3": 0.032158381128, "round1": 1.0}, "15": {"seed": 15, "name": "Wofford", "round6": 0.0, "round4": 0.0, "round5": 0.0, "round2": 0.0, "round3": 0.0, "round1": 0.0}, "16": {"seed": 16, "name": "Cal Poly", "round6": 0.0, "round4": 0.0, "round5": 0.0, "round2": 0.0, "round3": 0.0, "round1": 0.0}}, "south": {"1": {"seed": 1, "name": "Florida", "round6": 0.16666990005, "round4": 0.502234429266, "round5": 0.31093819881, "round2": 1.0, "round3": 0.741884420261, "round1": 1.0}, "2": {"seed": 2, "name": "Kansas", "round6": 0.084044752324, "round4": 0.289886150281, "round5": 0.168325783459, "round2": 0.787276640965, "round3": 0.61702179415, "round1": 1.0}, "3": {"seed": 3, "name": "Syracuse", "round6": 0.0, "round4": 0.0, "round5": 0.0, "round2": 0.0, "round3": 0.0, "round1": 1.0}, "4": {"seed": 4, "name": "UCLA", "round6": 0.022006685745, "round4": 0.118404233681, "round5": 0.055501304584, "round2": 0.878249363933, "round3": 0.242906098844, "round1": 1.0}, "5": {"seed": 5, "name": "VCU", "round6": 0.0, "round4": 0.0, "round5": 0.0, "round2": 0.0, "round3": 0.0, "round1": 0.0}, "6": {"seed": 6, "name": "Ohio St.",