{"south": {"1": {"round2": 1.0, "round1": 1.0, "round6": 0.20631482, "round4": 0.47518903, "name": "Kansas", "rating": 0.950304, "round5": 0.3343298, "round3": 0.72969483, "seed": 1}, "2": {"round2": 1.0, "round1": 1.0, "round6": 0.09037531, "round4": 0.2995321, "name": "Villanova", "rating": 0.935171, "round5": 0.17741542, "round3": 0.67496869, "seed": 2}, "3": {"round2": 1.0, "round1": 1.0, "round6": 0.02188824, "round4": 0.10121351, "name": "Miami FL", "rating": 0.897127, "round5": 0.05092633, "round3": 0.32503131, "seed": 3}, "4": {"round2": 0.0, "round1": 0.0, "round6": 0.0, "round4": 0.0, "name": "California", "rating": 0.876452, "round5": 0.0, "round3": 0.0, "seed": 4}, "5": {"round2": 1.0, "round1": 1.0, "round6": 0.02662056, "round4": 0.12406536, "name": "Maryland", "rating": 0.872416, "round5": 0.06218214, "round3": 0.27030517, "seed": 5}, "6": {"round2": 0.0, "round1": 0.0, "round6": 0.0, "round4": 0.0, "name": "Arizona", "rating": 0.892664, "round5": 0.0, "round3": 0.0, "seed": 6}, "7": {"round2": 0.0, "round1": 1.0, "round6": 0.0, "round4": 0.0, "name": "Iowa", "rating": 0.883264, "round5": 0.0, "round3": 0.0, "seed": 7}, "8": {"round2": 0.0, "round1": 0.0, "round6": 0.0, "round4": 0.0, "name": "Colorado", "rating": 0.778738, "round5": 0.0, "round3": 0.0, "seed": 8}, "9": {"round2": 0.0, "round1": 1.0, "round6": 0.0, "round4": 0.0, "name": "Connecticut", "rating": 0.867739, "round5": 0.0, "round3": 0.0, "seed": 9}, "10": {"round2": 0.0, "round1": 0.0, "round6": 0.0, "round4": 0.0, "name": "Temple", "rating": 0.702915, "round5": 0.0, "round3": 0.0, "seed": 10}, "11": {"round2": 0.0, "round1": 1.0, "round6": 0.0, "round4": 0.0, "name": "Wichita St.", "rating": 0.900474, "round5": 0.0, "round3": 0.0, "seed": 11}, "12": {"round2": 0.0, "round1": 0.0, "round6": 0.0, "round4": 0.0, "name": "South Dakota St.", "rating": 0.721652, "round5": 0.0, "round3": 0.0, "seed": 12}, "13": {"round2": 0.0, "round1": 1.0, "round6": 0.0, "round4": 0.0, "name": "Hawaii", "rating": 0.763308, "round5": 0.0, "round3": 0.0, "seed": 13}, "14": {"round2": 0.0, "round1": 0.0, "round6": 0.0, "round4": 0.0, "name": "Buffalo", "rating": 0.574321, "round5": 0.0, "round3": 0.0, "seed": 14}, "15": {"round2": 0.0, "round1": 0.0, "round6": 0.0, "round4": 0.0, "name": "UNC Asheville", "rating": 0.619862, "round5": 0.0, "round3": 0.0, "seed": 15}, "16": {"round2": 0.0, "round1": 0.0, "round6": 0.0, "round4": 0.0, "name": "Austin Peay", "rating": 0.383147, "round5": 0.0, "round3": 0.0, "seed": 16}}, "midwest": {"1": {"round2": 1.0, "round1": 1.0, "round6": 0.13397895, "round4": 0.43108027, "name": "Virginia", "rating": 0.948189, "round5": 0.2465859, "round3": 0.64717901, "seed": 1}, "2": {"round2": 0.0, "round1": 0.0, "round6": 0.0, "round4": 0.0, "name": "Michigan St.", "rating": 0.945019, "round5": 0.0, "round3": 0.0, "seed": 2}, "3": {"round2": 0.0, "round1": 1.0, "round6": 0.0, "round4": 0.0, "name": "Utah", "rating": 0.854671, "round5": 0.0, "round3": 0.0, "seed": 3}, "4": {"round2": 1.0, "round1": 1.0, "round6": 0.03548987, "round4": 0.19451185, "name": "Iowa St.", "rating": 0.891989, "round5": 0.08483898, "round3": 0.35282099, "seed": 4}, "5": {"round2": 0.0, "round1": 0.0, "round6": 0.0, "round4": 0.0, "name": "Purdue", "rating": 0.907842, "round5": 0.0, "round3": 0.0, "seed": 5}, "6": {"round2": 0.0, "round1": 0.0, "round6": 0.0, "round4": 0.0, "name": "Seton Hall", "rating": 0.867337, "round5": 0.0, "round3": 0.0, "seed": 6}, "7": {"round2": 0.0, "round1": 0.0, "round6": 0.0, "round4": 0.0, "name": "Dayton", "rating": 0.780893, "round5": 0.0, "round3": 0.0, "seed": 7}, "8": {"round2": 0.0, "round1": 0.0, "round6": 0.0, "round4": 0.0, "name": "Texas Tech", "rating": 0.809597, "round5": 0.0, "round3": 0.0, "seed": 8}, "9": {"round2": 0.0, "round1": 1.0, "round6": 0.0, "round4": 0.0, "name": "Butler", "rating": 0.812995, "round5": 0.0, "round3": 0.0, "seed": 9}, "10": {"round2": 1.0, "round1": 1.0, "round6": 0.03322294, "round4": 0.20271028, "name": "Syracuse", "rating": 0.811142, "round5": 0.08368597, "round3": 0.52782388, "seed": 10}, "11": {"round2": 1.0, "round1": 1.0, "round6": 0.03031448, "round4": 0.1716976, "name": "Gonzaga", "rating": 0.860704, "round5": 0.07363845, "round3": 0.47217612, "seed": 11}, "12": {"round2": 0.0, "round1": 1.0, "round6": 0.0, "round4": 0.0, "name": "Arkansas Little Rock", "rating": 0.798066, "round5": 0.0, "round3": 0.0, "seed": 12}, "13": {"round2": 0.0, "round1": 0.0, "round6": 0.0, "round4": 0.0, "name": "Iona", "rating": 0.73033, "round5": 0.0, "round3": 0.0, "seed": 13}, "14": {"round2": 0.0, "round1": 0.0, "round6": 0.0, "round4": 0.0, "name": "Fresno St.", "rating": 0.659141, "round5": 0.0, "round3": 0.0, "seed": 14}, "15": {"round2": 0.0, "round1": 1.0, "round6": 0.0, "round4": 0.0, "name": "Middle Tennessee", "rating": 0.593512, "round5": 0.0, "round3": 0.0, "seed": 15}, "16": {"round2": 0.0, "round1": 0.0, "round6": 0.0, "round4": 0.0, "name": "Hampton", "rating": 0.366998, "round5": 0.0, "round3": 0.0, "seed": 16}}, "east": {"1": {"round2": 1.0, "round1": 1.0, "round6": 0.19493879, "round4": 0.59224074, "name": "North Carolina", "rating": 0.940687, "round5": 0.3531574, "round3": 0.73008775, "seed": 1}, "2": {"round2": 0.0, "round1": 1.0, "round6": 0.0, "round4": 0.0, "name": "Xavier", "rating": 0.894647, "round5": 0.0, "round3": 0.0, "seed": 2}, "3": {"round2": 0.0, "round1": 0.0, "round6": 0.0, "round4": 0.0, "name": "West Virginia", "rating": 0.923722, "round5": 0.0, "round3": 0.0, "seed": 3}, "4": {"round2": 0.0, "round1": 1.0, "round6": 0.0, "round4": 0.0, "name": "Kentucky", "rating": 0.920054, "round5": 0.0, "round3": 0.0, "seed": 4}, "5": {"round2": 1.0, "round1": 1.0, "round6": 0.03392809, "round4": 0.17752714, "name": "Indiana", "rating": 0.895935, "round5": 0.08027247, "round3": 0.26991225, "seed": 5}, "6": {"round2": 1.0, "round1": 1.0, "round6": 0.0118829, "round4": 0.11344454, "name": "Notre Dame", "rating": 0.813109, "round5": 0.03757471, "round3": 0.49544658, "seed": 6}, "7": {"round2": 1.0, "round1": 1.0, "round6": 0.01320351, "round4": 0.11678758, "name": "Wisconsin", "rating": 0.839024, "round5": 0.04024612, "round3": 0.50455342, "seed": 7}, "8": {"round2": 0.0, "round1": 0.0, "round6": 0.0, "round4": 0.0, "name": "USC", "rating": 0.794435, "round5": 0.0, "round3": 0.0, "seed": 8}, "9": {"round2": 0.0, "round1": 1.0, "round6": 0.0, "round4": 0.0, "name": "Providence", "rating": 0.799085, "round5": 0.0, "round3": 0.0, "seed": 9}, "10": {"round2": 0.0, "round1": 0.0, "round6": 0.0, "round4": 0.0, "name": "Pittsburgh", "rating": 0.802469, "round5": 0.0, "round3": 0.0, "seed": 10}, "11": {"round2": 0.0, "round1": 0.0, "round6": 0.0, "round4": 0.0, "name": "Michigan", "rating": 0.777726, "round5": 0.0, "round3": 0.0, "seed": 11}, "12": {"round2": 0.0, "round1": 0.0, "round6": 0.0, "round4": 0.0, "name": "Chattanooga", "rating": 0.657065, "round5": 0.0, "round3": 0.0, "seed": 12}, "13": {"round2": 0.0, "round1": 0.0, "round6": 0.0, "round4": 0.0, "name": "Stony Brook", "rating": 0.697138, "round5": 0.0, "round3": 0.0, "seed": 13}, "14": {"round2": 0.0, "round1": 1.0, "round6": 0.0, "round4": 0.0, "name": "SF Austin", "rating": 0.834756, "round5": 0.0, "round3": 0.0, "seed": 14}, "15": {"round2": 0.0, "round1": 0.0, "round6": 0.0, "round4": 0.0, "name": "Weber St.", "rating": 0.571757, "round5": 0.0, "round3": 0.0, "seed": 15}, "16": {"round2": 0.0, "round1": 0.0, "round6": 0.0, "round4": 0.0, "name": "Florida Gulf Coast", "rating": 0.498892, "round5": 0.0, "round3": 0.0, "seed": 16}}, "west": {"1": {"round2": 1.0, "round1": 1.0, "round6": 0.03067711, "round4": 0.27332214, "name": "Oregon", "rating": 0.912309, "round5": 0.08284179, "round3": 0.56596292, "seed": 1}, "2": {"round2": 1.0, "round1": 1.0, "round6": 0.07355848, "round4": 0.34683114, "name": "Oklahoma", "rating": 0.919907, "round5": 0.14926433, "round3": 0.60538521, "seed": 2}, "3": {"round2": 1.0, "round1": 1.0, "round6": 0.037188,