{"west": {"1": {"seed": 1, "name": "Arizona", "round6": 0.109719751632, "round4": 0.370186527383, "round5": 0.197333745215, "round2": 0.716945138383, "round3": 0.559782407218, "round1": 1.0}, "2": {"seed": 2, "name": "Wisconsin", "round6": 0.060602860782, "round4": 0.221426674455, "round5": 0.112520147645, "round2": 0.771997410988, "round3": 0.463760236787, "round1": 1.0}, "3": {"seed": 3, "name": "Creighton", "round6": 0.023710454551, "round4": 0.107111545565, "round5": 0.048854484623, "round2": 0.54404909665, "round3": 0.251298745412, "round1": 1.0}, "4": {"seed": 4, "name": "San Diego St.", "round6": 0.008552944047, "round4": 0.098172674804, "round5": 0.027434777571, "round2": 0.645844327111, "round3": 0.213437100985, "round1": 1.0}, "5": {"seed": 5, "name": "Oklahoma", "round6": 0.0, "round4": 0.0, "round5": 0.0, "round2": 0.0, "round3": 0.0, "round1": 0.0}, "6": {"seed": 6, "name": "Baylor", "round6": 0.011527231726, "round4": 0.055986487579, "round5": 0.024508887833, "round2": 0.45595090335, "round3": 0.165011411743, "round1": 1.0}, "7": {"seed": 7, "name": "Oregon", "round6": 0.006789562164, "round4": 0.049064250298, "round5": 0.017396265012, "round2": 0.228002589012, "round3": 0.119929606057, "round1": 1.0}, "8": {"seed": 8, "name": "Gonzaga", "round6": 0.00594028607, "round4": 0.039295253867, "round5": 0.014624960256, "round2": 0.132017026699, "round3": 0.081640132266, "round1": 0.479870068532}, "9": {"seed": 9, "name": "Oklahoma St.", "round6": 0.011711191105, "round4": 0.046646140367, "round5": 0.022678509543, "round2": 0.151037834918, "round3": 0.094903082118, "round1": 0.520129931468}, "10": {"seed": 10, "name": "BYU", "round6": 0.0, "round4": 0.0, "round5": 0.0, "round2": 0.0, "round3": 0.0, "round1": 0.0}, "11": {"seed": 11, "name": "Nebraska", "round6": 0.0, "round4": 0.0, "round5": 0.0, "round2": 0.0, "round3": 0.0, "round1": 0.0}, "12": {"seed": 12, "name": "ND State", "round6": 0.000626807935, "round4": 0.012110445683, "round5": 0.00255278806, "round2": 0.354155672889, "round3": 0.050237277413, "round1": 1.0}, "13": {"seed": 13, "name": "NM State", "round6": 0.0, "round4": 0.0, "round5": 0.0, "round2": 0.0, "round3": 0.0, "round1": 0.0}, "14": {"seed": 14, "name": "Louisiana Laf.", "round6": 0.0, "round4": 0.0, "round5": 0.0, "round2": 0.0, "round3": 0.0, "round1": 0.0}, "15": {"seed": 15, "name": "American", "round6": 0.0, "round4": 0.0, "round5": 0.0, "round2": 0.0, "round3": 0.0, "round1": 0.0}, "16": {"seed": 16, "name": "Weber St.", "round6": 0.0, "round4": 0.0, "round5": 0.0, "round2": 0.0, "round3": 0.0, "round1": 0.0}}, "east": {"1": {"seed": 1, "name": "Virginia", "round6": 0.061166450982, "round4": 0.221756867043, "round5": 0.119208446793, "round2": 0.707824942042, "round3": 0.376597739537, "round1": 0.96389164071}, "2": {"seed": 2, "name": "Villanova", "round6": 0.046184167622, "round4": 0.216107932344, "round5": 0.10218333047, "round2": 0.648972417022, "round3": 0.423373699403, "round1": 1.0}, "3": {"seed": 3, "name": "Iowa St.", "round6": 0.012356218693, "round4": 0.07708053796, "round5": 0.031495433537, "round2": 0.464697790275, "round3": 0.193473494588, "round1": 0.812359445117}, "4": {"seed": 4, "name": "Michigan St.", "round6": 0.070863089601, "round4": 0.27246673374, "round5": 0.142252089005, "round2": 0.77232375945, "round3": 0.450698623406, "round1": 1.0}, "5": {"seed": 5, "name": "Cincinnati", "round6": 0.0, "round4": 0.0, "round5": 0.0, "round2": 0.0, "round3": 0.0, "round1": 0.0}, "6": {"seed": 6, "name": "North Carolina", "round6": 0.008458114619, "round4": 0.059195264816, "round5": 0.02280611159, "round2": 0.359934889989, "round3": 0.149117426817, "round1": 0.67202813417}, "7": {"seed": 7, "name": "Connecticut", "round6": 0.009177360842, "round4": 0.074670713854, "round5": 0.026659466734, "round2": 0.351027582978, "round3": 0.18778106636, "round1": 1.0}, "8": {"seed": 8, "name": "Memphis", "round6": 0.002834988246, "round4": 0.022510616384, "round5": 0.008120525808, "round2": 0.166598236998, "round3": 0.056198612656, "round1": 0.550041201202}, "9": {"seed": 9, "name": "George Wash.", "round6": 0.0008647102, "round4": 0.01167883864, "round5": 0.003211480962, "round2": 0.119907151343, "round3": 0.033900359054, "round1": 0.449958798798}, "10": {"seed": 10, "name": "St. Joseph's", "round6": 0.0, "round4": 0.0, "round5": 0.0, "round2": 0.0, "round3": 0.0, "round1": 0.0}, "11": {"seed": 11, "name": "Providence", "round6": 0.000723409421, "round4": 0.010804826893, "round5": 0.00282166199, "round2": 0.123874793196, "round3": 0.037014526066, "round1": 0.32797186583}, "12": {"seed": 12, "name": "Harvard", "round6": 0.002663411929, "round4": 0.032010243222, "round5": 0.009353415702, "round2": 0.22767624055, "round3": 0.082238382702, "round1": 1.0}, "13": {"seed": 13, "name": "Delaware", "round6": 0.0, "round4": 0.0, "round5": 0.0, "round2": 0.0, "round3": 0.0, "round1": 0.0}, "14": {"seed": 14, "name": "NC Central", "round6": 5.8475143e-05, "round4": 0.001682182457, "round5": 0.000312975565, "round2": 0.051492526541, "round3": 0.009239786767, "round1": 0.187640554883}, "15": {"seed": 15, "name": "Milwaukee", "round6": 0.0, "round4": 0.0, "round5": 0.0, "round2": 0.0, "round3": 0.0, "round1": 0.0}, "16": {"seed": 16, "name": "Coast. Car.", "round6": 2.48141e-07, "round4": 3.5242646e-05, "round5": 2.86336e-06, "round2": 0.005669669617, "round3": 0.000366282645, "round1": 0.03610835929}}, "midwest": {"1": {"seed": 1, "name": "Wichita St.", "round6": 0.049110735978, "round4": 0.144405128962, "round5": 0.084884362516, "round2": 0.591415204901, "round3": 0.24083336197, "round1": 0.975453920569}, "2": {"seed": 2, "name": "Michigan", "round6": 0.035082650943, "round4": 0.178743634332, "round5": 0.079587371689, "round2": 0.78688598751, "round3": 0.46831455689, "round1": 1.0}, "3": {"seed": 3, "name": "Duke", "round6": 0.0, "round4": 0.0, "round5": 0.0, "round2": 0.0, "round3": 0.0, "round1": 0.0}, "4": {"seed": 4, "name": "Louisville", "round6": 0.146016403067, "round4": 0.396115800315, "round5": 0.242974747007, "round2": 0.822264881534, "round3": 0.545973999181, "round1": 1.0}, "5": {"seed": 5, "name": "Saint Louis", "round6": 0.003256384432, "round4": 0.025105345798, "round5": 0.009017465293, "round2": 0.177735118466, "round3": 0.059424655698, "round1": 1.0}, "6": {"seed": 6, "name": "UMass", "round6": 0.0, "round4": 0.0, "round5": 0.0, "round2": 0.0, "round3": 0.0, "round1": 0.0}, "7": {"seed": 7, "name": "Texas", "round6": 0.001563928434, "round4": 0.012435852705, "round5": 0.00439148893, "round2": 0.21311401249, "round3": 0.071766563406, "round1": 1.0}, "8": {"seed": 8, "name": "Kentucky", "round6": 0.020942809693, "round4": 0.085178755114, "round5": 0.042444740721, "round2": 0.340260219827, "round3": 0.140502803137, "round1": 0.739316299302}, "9": {"seed": 9, "name": "Kansas St.", "round6": 0.000608821771, "round4": 0.004816860602, "round5": 0.001701296833, "round2": 0.066558356626, "round3": 0.013198070188, "round1": 0.260683700698}, "10": {"seed": 10, "name": "Arizona St.", "round6": 0.0, "round4": 0.0, "round5": 0.0, "round2": 0.0, "round3": 0.0, "round1": 0.0}, "11": {"seed": 11, "name": "Tennessee", "round6": 0.029443005158, "round4": 0.147827936185, "round5": 0.065955415479, "round2": 0.810641139226, "round3": 0.417738967448, "round1": 1.0}, "12": {"seed": 12, "name": "NC State", "round6": 0.0, "round4": 0.0, "round5": 0.0, "round2": 0.0, "round3": 0.0, "round1": 0.0}, "13": {"seed": 13, "name": "Manhattan", "round6": 0.0, "round4": 0.0, "round5": 0.0, "round2": 0.0, "round3": 0.0, "round1": 0.0}, "14": {"seed": 14, "name": "Mercer", "round6": 0.000253647886, "round4": 0.005363686382, "round5": 0.001137734376, "round2": 0.189358860774, "round3": 0.042179912256, "round1": 1.0}, "15": {"seed": 15, "name": "Wofford", "round6": 0.0, "round4": 0.0, "round5": 0.0, "round2": 0.0, "round3": 0.0, "round1": 0.0}, "16": {"seed": 16, "name": "Cal Poly", "round6": 1.0462e-07, "round4": 6.999605e-06, "round5": 8.11396e-07,