{"west": {"1": {"seed": 1, "name": "Arizona", "round6": 0.111162484214, "round4": 0.374812638128, "round5": 0.199648556586, "round2": 0.726592870717, "round3": 0.567101376647, "round1": 1.0}, "2": {"seed": 2, "name": "Wisconsin", "round6": 0.060770128488, "round4": 0.221544189757, "round5": 0.112582176006, "round2": 0.771997410988, "round3": 0.463760236787, "round1": 1.0}, "3": {"seed": 3, "name": "Creighton", "round6": 0.02378287579, "round4": 0.107183431424, "round5": 0.048887986013, "round2": 0.54404909665, "round3": 0.251298745412, "round1": 1.0}, "4": {"seed": 4, "name": "San Diego St.", "round6": 0.00859226765, "round4": 0.098364024268, "round5": 0.027485656086, "round2": 0.645844327111, "round3": 0.21386783722, "round1": 1.0}, "5": {"seed": 5, "name": "Oklahoma", "round6": 0.0, "round4": 0.0, "round5": 0.0, "round2": 0.0, "round3": 0.0, "round1": 0.0}, "6": {"seed": 6, "name": "Baylor", "round6": 0.01156587654, "round4": 0.056040768592, "round5": 0.024532432386, "round2": 0.45595090335, "round3": 0.165011411743, "round1": 1.0}, "7": {"seed": 7, "name": "Oregon", "round6": 0.006812437024, "round4": 0.049099739869, "round5": 0.017409006811, "round2": 0.228002589012, "round3": 0.119929606057, "round1": 1.0}, "8": {"seed": 8, "name": "Gonzaga", "round6": 0.012124267309, "round4": 0.080794097392, "round5": 0.029917415537, "round2": 0.273407129283, "round3": 0.168567420019, "round1": 1.0}, "9": {"seed": 9, "name": "Oklahoma St.", "round6": 0.0, "round4": 0.0, "round5": 0.0, "round2": 0.0, "round3": 0.0, "round1": 0.0}, "10": {"seed": 10, "name": "BYU", "round6": 0.0, "round4": 0.0, "round5": 0.0, "round2": 0.0, "round3": 0.0, "round1": 0.0}, "11": {"seed": 11, "name": "Nebraska", "round6": 0.0, "round4": 0.0, "round5": 0.0, "round2": 0.0, "round3": 0.0, "round1": 0.0}, "12": {"seed": 12, "name": "ND State", "round6": 0.000630899214, "round4": 0.01216111057, "round5": 0.002562624904, "round2": 0.354155672889, "round3": 0.050463366114, "round1": 1.0}, "13": {"seed": 13, "name": "NM State", "round6": 0.0, "round4": 0.0, "round5": 0.0, "round2": 0.0, "round3": 0.0, "round1": 0.0}, "14": {"seed": 14, "name": "Louisiana Laf.", "round6": 0.0, "round4": 0.0, "round5": 0.0, "round2": 0.0, "round3": 0.0, "round1": 0.0}, "15": {"seed": 15, "name": "American", "round6": 0.0, "round4": 0.0, "round5": 0.0, "round2": 0.0, "round3": 0.0, "round1": 0.0}, "16": {"seed": 16, "name": "Weber St.", "round6": 0.0, "round4": 0.0, "round5": 0.0, "round2": 0.0, "round3": 0.0, "round1": 0.0}}, "east": {"1": {"seed": 1, "name": "Virginia", "round6": 0.061535571543, "round4": 0.221756867043, "round5": 0.119466035756, "round2": 0.707824942042, "round3": 0.376597739537, "round1": 0.96389164071}, "2": {"seed": 2, "name": "Villanova", "round6": 0.04649424535, "round4": 0.216107932344, "round5": 0.102406661221, "round2": 0.648972417022, "round3": 0.423373699403, "round1": 1.0}, "3": {"seed": 3, "name": "Iowa St.", "round6": 0.012447465513, "round4": 0.07708053796, "round5": 0.031562846146, "round2": 0.464697790275, "round3": 0.193473494588, "round1": 0.812359445117}, "4": {"seed": 4, "name": "Michigan St.", "round6": 0.071302339515, "round4": 0.27246673374, "round5": 0.142561125053, "round2": 0.77232375945, "round3": 0.450698623406, "round1": 1.0}, "5": {"seed": 5, "name": "Cincinnati", "round6": 0.0, "round4": 0.0, "round5": 0.0, "round2": 0.0, "round3": 0.0, "round1": 0.0}, "6": {"seed": 6, "name": "North Carolina", "round6": 0.008522633758, "round4": 0.059195264816, "round5": 0.022854079074, "round2": 0.359934889989, "round3": 0.149117426817, "round1": 0.67202813417}, "7": {"seed": 7, "name": "Connecticut", "round6": 0.009250129222, "round4": 0.074670713854, "round5": 0.026713873804, "round2": 0.351027582978, "round3": 0.18778106636, "round1": 1.0}, "8": {"seed": 8, "name": "Memphis", "round6": 0.002857322858, "round4": 0.022510616384, "round5": 0.00813717467, "round2": 0.166598236998, "round3": 0.056198612656, "round1": 0.550041201202}, "9": {"seed": 9, "name": "George Wash.", "round6": 0.000872312986, "round4": 0.01167883864, "round5": 0.003217000671, "round2": 0.119907151343, "round3": 0.033900359054, "round1": 0.449958798798}, "10": {"seed": 10, "name": "St. Joseph's", "round6": 0.0, "round4": 0.0, "round5": 0.0, "round2": 0.0, "round3": 0.0, "round1": 0.0}, "11": {"seed": 11, "name": "Providence", "round6": 0.000729877585, "round4": 0.010804826893, "round5": 0.002826282564, "round2": 0.123874793196, "round3": 0.037014526066, "round1": 0.32797186583}, "12": {"seed": 12, "name": "Harvard", "round6": 0.0026863529, "round4": 0.032010243222, "round5": 0.009370320123, "round2": 0.22767624055, "round3": 0.082238382702, "round1": 1.0}, "13": {"seed": 13, "name": "Delaware", "round6": 0.0, "round4": 0.0, "round5": 0.0, "round2": 0.0, "round3": 0.0, "round1": 0.0}, "14": {"seed": 14, "name": "NC Central", "round6": 5.904458e-05, "round4": 0.001682182457, "round5": 0.000313283158, "round2": 0.051492526541, "round3": 0.009239786767, "round1": 0.187640554883}, "15": {"seed": 15, "name": "Milwaukee", "round6": 0.0, "round4": 0.0, "round5": 0.0, "round2": 0.0, "round3": 0.0, "round1": 0.0}, "16": {"seed": 16, "name": "Coast. Car.", "round6": 2.50809e-07, "round4": 3.5242646e-05, "round5": 2.859583e-06, "round2": 0.005669669617, "round3": 0.000366282645, "round1": 0.03610835929}}, "midwest": {"1": {"seed": 1, "name": "Wichita St.", "round6": 0.049594653142, "round4": 0.144405128962, "round5": 0.085579665739, "round2": 0.591415204901, "round3": 0.24083336197, "round1": 0.975453920569}, "2": {"seed": 2, "name": "Michigan", "round6": 0.035549107308, "round4": 0.178743634332, "round5": 0.080497123915, "round2": 0.78688598751, "round3": 0.46831455689, "round1": 1.0}, "3": {"seed": 3, "name": "Duke", "round6": 0.0, "round4": 0.0, "round5": 0.0, "round2": 0.0, "round3": 0.0, "round1": 0.0}, "4": {"seed": 4, "name": "Louisville", "round6": 0.147374834663, "round4": 0.396115800315, "round5": 0.244835138075, "round2": 0.822264881534, "round3": 0.545973999181, "round1": 1.0}, "5": {"seed": 5, "name": "Saint Louis", "round6": 0.003307217907, "round4": 0.025105345798, "round5": 0.009141045992, "round2": 0.177735118466, "round3": 0.059424655698, "round1": 1.0}, "6": {"seed": 6, "name": "UMass", "round6": 0.0, "round4": 0.0, "round5": 0.0, "round2": 0.0, "round3": 0.0, "round1": 0.0}, "7": {"seed": 7, "name": "Texas", "round6": 0.001588607927, "round4": 0.012435852705, "round5": 0.004452431279, "round2": 0.21311401249, "round3": 0.071766563406, "round1": 1.0}, "8": {"seed": 8, "name": "Kentucky", "round6": 0.021193100765, "round4": 0.085178755114, "round5": 0.042876170757, "round2": 0.340260219827, "round3": 0.140502803137, "round1": 0.739316299302}, "9": {"seed": 9, "name": "Kansas St.", "round6": 0.0006184215, "round4": 0.004816860602, "round5": 0.001724903202, "round2": 0.066558356626, "round3": 0.013198070188, "round1": 0.260683700698}, "10": {"seed": 10, "name": "Arizona St.", "round6": 0.0, "round4": 0.0, "round5": 0.0, "round2": 0.0, "round3": 0.0, "round1": 0.0}, "11": {"seed": 11, "name": "Tennessee", "round6": 0.02983251499, "round4": 0.147827936185, "round5": 0.066707870917, "round2": 0.810641139226, "round3": 0.417738967448, "round1": 1.0}, "12": {"seed": 12, "name": "NC State", "round6": 0.0, "round4": 0.0, "round5": 0.0, "round2": 0.0, "round3": 0.0, "round1": 0.0}, "13": {"seed": 13, "name": "Manhattan", "round6": 0.0, "round4": 0.0, "round5": 0.0, "round2": 0.0, "round3": 0.0, "round1": 0.0}, "14": {"seed": 14, "name": "Mercer", "round6": 0.000258863261, "round4": 0.005363686382, "round5": 0.001158965302, "round2": 0.189358860774, "round3": 0.042179912256, "round1": 1.0}, "15": {"seed": 15, "name": "Wofford", "round6": 0.0, "round4": 0.0, "round5": 0.0, "round2": 0.0, "round3": 0.0, "round1": 0.0}, "16": {"seed": 16, "name": "Cal Poly", "round6": 1.0727e-07, "round4": 6.999605e-06, "round5": 8.30492e-07, "round2": 0.001766218646, "round3": 6.7109826e-05, "round1": 0.024546079431}},