{"west": {"1": {"rating": 0.961498, "name": "Wisconsin", "seed": 1, "round6": 0.101543357148, "round4": 0.33474307818, "round5": 0.160854862645, "round2": 0.8527395642, "round3": 0.631249636395, "round1": 0.984445020667}, "2": {"rating": 0.967408, "name": "Arizona", "seed": 2, "round6": 0.0945488188279, "round4": 0.465234653569, "round5": 0.178239924738, "round2": 0.805944519463, "round3": 0.71532051886, "round1": 1.0}, "3": {"rating": 0.903813, "name": "Baylor", "seed": 3, "round6": 0.0, "round4": 0.0, "round5": 0.0, "round2": 0.0, "round3": 0.0, "round1": 0.0}, "4": {"rating": 0.901882, "name": "North Carolina", "seed": 4, "round6": 0.0105846722088, "round4": 0.0791218325189, "round5": 0.0239527983264, "round2": 0.673780947904, "round3": 0.228180869243, "round1": 1.0}, "5": {"rating": 0.841594, "name": "Arkansas", "seed": 5, "round6": 0.00150071016389, "round4": 0.0221642047674, "round5": 0.00460027422038, "round2": 0.326219052096, "round3": 0.0824740594093, "round1": 1.0}, "6": {"rating": 0.851793, "name": "Xavier", "seed": 6, "round6": 0.0039916664456, "round4": 0.0392181953885, "round5": 0.010140254966, "round2": 0.695213505689, "round3": 0.134740613349, "round1": 1.0}, "7": {"rating": 0.839998, "name": "VCU", "seed": 7, "round6": 0.0, "round4": 0.0, "round5": 0.0, "round2": 0.0, "round3": 0.0, "round1": 0.0}, "8": {"rating": 0.797249, "name": "Oregon", "seed": 8, "round6": 0.00015172780427, "round4": 0.00506421271301, "round5": 0.000672836018243, "round2": 0.0477514944956, "round3": 0.0198243666827, "round1": 0.406109460658}, "9": {"rating": 0.814084, "name": "Oklahoma St.", "seed": 9, "round6": 0.000441053551094, "round4": 0.00908046761159, "round5": 0.00156782778558, "round2": 0.0964505014782, "round3": 0.0379051461035, "round1": 0.593890539342}, "10": {"rating": 0.868025, "name": "Ohio St.", "seed": 10, "round6": 0.00496855453063, "round4": 0.0414421499328, "round5": 0.0117725747646, "round2": 0.194055480537, "round3": 0.123688839811, "round1": 1.0}, "11": {"rating": 0.799554, "name": "Mississippi", "seed": 11, "round6": 0.0, "round4": 0.0, "round5": 0.0, "round2": 0.0, "round3": 0.0, "round1": 0.0}, "12": {"rating": 0.661733, "name": "Wofford", "seed": 12, "round6": 0.0, "round4": 0.0, "round5": 0.0, "round2": 0.0, "round3": 0.0, "round1": 0.0}, "13": {"rating": 0.705859, "name": "Harvard", "seed": 13, "round6": 0.0, "round4": 0.0, "round5": 0.0, "round2": 0.0, "round3": 0.0, "round1": 0.0}, "14": {"rating": 0.734432, "name": "Georgia St.", "seed": 14, "round6": 9.24597935886e-05, "round4": 0.0039048401971, "round5": 0.000456820566222, "round2": 0.304786494311, "round3": 0.0262500279809, "round1": 1.0}, "15": {"rating": 0.411073, "name": "Texas Southern", "seed": 15, "round6": 0.0, "round4": 0.0, "round5": 0.0, "round2": 0.0, "round3": 0.0, "round1": 0.0}, "16": {"rating": 0.537123, "name": "Coast. Car.", "seed": 16, "round6": 1.88258815923e-07, "round4": 2.6365121085e-05, "round5": 1.61543758617e-06, "round2": 0.00305843982618, "round3": 0.000365922165567, "round1": 0.0155549793334}}, "east": {"1": {"rating": 0.957101, "name": "Villanova", "seed": 1, "round6": 0.162988502323, "round4": 0.533681699659, "round5": 0.362177580128, "round2": 0.875217659775, "round3": 0.75533228829, "round1": 1.0}, "2": {"rating": 0.958719, "name": "Virginia", "seed": 2, "round6": 0.064008064737, "round4": 0.241998383485, "round5": 0.155350255561, "round2": 0.733605891718, "round3": 0.525488797154, "round1": 0.96373165892}, "3": {"rating": 0.915002, "name": "Oklahoma", "seed": 3, "round6": 0.00994017162845, "round4": 0.0714462248373, "round5": 0.0351327549634, "round2": 0.579873082674, "round3": 0.222516267676, "round1": 0.90189781321}, "4": {"rating": 0.875558, "name": "Louisville", "seed": 4, "round6": 0.00401113547918, "round4": 0.0329594455359, "round5": 0.0152875167847, "round2": 0.409111523873, "round3": 0.0877477613573, "round1": 0.744975249321}, "5": {"rating": 0.908038, "name": "Northern Iowa", "seed": 5, "round6": 0.00267835607827, "round4": 0.029073201628, "round5": 0.0119566510131, "round2": 0.424877553315, "round3": 0.0830106828332, "round1": 0.752684555768}, "6": {"rating": 0.845836, "name": "Providence", "seed": 6, "round6": 0.00125197920736, "round4": 0.0187284163474, "round5": 0.00668143357023, "round2": 0.208248345566, "round3": 0.0680339170534, "round1": 0.51361263507}, "7": {"rating": 0.878567, "name": "Michigan St.", "seed": 7, "round6": 0.00524382050558, "round4": 0.0347116298206, "round5": 0.0176452520228, "round2": 0.181358984927, "round3": 0.104379997206, "round1": 0.62245189415}, "8": {"rating": 0.811134, "name": "North Carolina St.", "seed": 8, "round6": 0.00124279077454, "round4": 0.0202988560532, "round5": 0.00697750898482, "round2": 0.124782340225, "round3": 0.0640793388501, "round1": 1.0}, "9": {"rating": 0.800599, "name": "LSU", "seed": 9, "round6": 0.0, "round4": 0.0, "round5": 0.0, "round2": 0.0, "round3": 0.0, "round1": 0.0}, "10": {"rating": 0.817751, "name": "Georgia", "seed": 10, "round6": 0.000467047060408, "round4": 0.00689541054533, "round5": 0.0024699763479, "round2": 0.0784394768118, "round3": 0.0322334566476, "round1": 0.37754810585}, "11": {"rating": 0.805731, "name": "Dayton", "seed": 11, "round6": 0.00055352202548, "round4": 0.00846543778154, "round5": 0.0029919321812, "round2": 0.191097192868, "round3": 0.0435378919942, "round1": 0.48638736493}, "12": {"rating": 0.637277, "name": "Wyoming", "seed": 12, "round6": 1.14535873697e-05, "round4": 0.000734838703347, "round5": 0.000134731703105, "round2": 0.0824867912939, "round3": 0.00515125586807, "round1": 0.247315444232}, "13": {"rating": 0.655936, "name": "UC Irvine", "seed": 13, "round6": 7.87275911508e-06, "round4": 0.000609634652396, "round5": 0.000102425455992, "round2": 0.0835241315181, "round3": 0.00467867280178, "round1": 0.255024750679}, "14": {"rating": 0.568562, "name": "Albany", "seed": 14, "round6": 2.91613864691e-06, "round4": 0.000290433405083, "round5": 4.33012806923e-05, "round2": 0.0207813788918, "round3": 0.00258330516097, "round1": 0.0981021867898}, "15": {"rating": 0.536296, "name": "Belmont", "seed": 15, "round6": 1.67154715551e-06, "round4": 0.000106387545514, "round5": 1.94998459835e-05, "round2": 0.0065956465433, "round3": 0.00122636710818, "round1": 0.0362683410801}, "16": {"rating": 0.428496, "name": "Lafayette", "seed": 16, "round6": 0.0, "round4": 0.0, "round5": 0.0, "round2": 0.0, "round3": 0.0, "round1": 0.0}}, "midwest": {"1": {"rating": 0.978741, "name": "Kentucky", "seed": 1, "round6": 0.369425980757, "round4": 0.710091829808, "round5": 0.505505605981, "round2": 0.935452437564, "round3": 0.840455479276, "round1": 1.0}, "2": {"rating": 0.911139, "name": "Kansas", "seed": 2, "round6": 0.0109074322365, "round4": 0.0655895804761, "round5": 0.0254103227654, "round2": 0.527615529487, "round3": 0.279368221769, "round1": 0.889897491993}, "3": {"rating": 0.912696, "name": "Notre Dame", "seed": 3, "round6": 0.0131236760636, "round4": 0.0805739717057, "round5": 0.030945922513, "round2": 0.624656601983, "round3": 0.338357735683, "round1": 1.0}, "4": {"rating": 0.828921, "name": "Maryland", "seed": 4, "round6": 0.00216141811664, "round4": 0.023890951588, "round5": 0.00667546413935, "round2": 0.382712018173, "round3": 0.0520310914528, "round1": 0.71732975654}, "5": {"rating": 0.85386, "name": "West Virginia", "seed": 5, "round6": 0.00292356198179, "round4": 0.0285741189459, "round5": 0.00852804104219, "round2": 0.391825246624, "round3": 0.0588691189949, "round1": 0.682463058399}, "6": {"rating": 0.862402, "name": "Butler", "seed": 6, "round6": 0.00479060560514, "round4": 0.0298358911905, "round5": 0.0113084305253, "round2": 0.375343398017, "round3": 0.16612488808, "round1": 1.0}, "7": {"rating": 0.904421, "name": "Wichita St.", "seed": 7, "round6": 0.00519773955776, "round4": 0.0374977051692, "round5": 0.0131660467989, "round2": 0.360058896161, "round3": 0.177236956325, "round1": 0.715652526737}, "8": {"rating": 0.824163, "name": "Cincinnati",