{"west": {"1": {"seed": 1, "name": "Arizona", "round6": 0.110214112484, "round4": 0.374812638128, "round5": 0.19817820529, "round2": 0.726592870717, "round3": 0.567101376647, "round1": 1.0}, "2": {"seed": 2, "name": "Wisconsin", "round6": 0.060229231281, "round4": 0.221544189757, "round5": 0.11171437986, "round2": 0.771997410988, "round3": 0.463760236787, "round1": 1.0}, "3": {"seed": 3, "name": "Creighton", "round6": 0.023550675419, "round4": 0.107183431424, "round5": 0.048474847735, "round2": 0.54404909665, "round3": 0.251298745412, "round1": 1.0}, "4": {"seed": 4, "name": "San Diego St.", "round6": 0.008481041528, "round4": 0.098364024268, "round5": 0.027177068877, "round2": 0.645844327111, "round3": 0.21386783722, "round1": 1.0}, "5": {"seed": 5, "name": "Oklahoma", "round6": 0.0, "round4": 0.0, "round5": 0.0, "round2": 0.0, "round3": 0.0, "round1": 0.0}, "6": {"seed": 6, "name": "Baylor", "round6": 0.011449525812, "round4": 0.056040768592, "round5": 0.024318560651, "round2": 0.45595090335, "round3": 0.165011411743, "round1": 1.0}, "7": {"seed": 7, "name": "Oregon", "round6": 0.006734079263, "round4": 0.049099739869, "round5": 0.017235264352, "round2": 0.228002589012, "round3": 0.119929606057, "round1": 1.0}, "8": {"seed": 8, "name": "Gonzaga", "round6": 0.01198817263, "round4": 0.080794097392, "round5": 0.02962620791, "round2": 0.273407129283, "round3": 0.168567420019, "round1": 1.0}, "9": {"seed": 9, "name": "Oklahoma St.", "round6": 0.0, "round4": 0.0, "round5": 0.0, "round2": 0.0, "round3": 0.0, "round1": 0.0}, "10": {"seed": 10, "name": "BYU", "round6": 0.0, "round4": 0.0, "round5": 0.0, "round2": 0.0, "round3": 0.0, "round1": 0.0}, "11": {"seed": 11, "name": "Nebraska", "round6": 0.0, "round4": 0.0, "round5": 0.0, "round2": 0.0, "round3": 0.0, "round1": 0.0}, "12": {"seed": 12, "name": "ND State", "round6": 0.000621805181, "round4": 0.01216111057, "round5": 0.002530547485, "round2": 0.354155672889, "round3": 0.050463366114, "round1": 1.0}, "13": {"seed": 13, "name": "NM State", "round6": 0.0, "round4": 0.0, "round5": 0.0, "round2": 0.0, "round3": 0.0, "round1": 0.0}, "14": {"seed": 14, "name": "Louisiana Laf.", "round6": 0.0, "round4": 0.0, "round5": 0.0, "round2": 0.0, "round3": 0.0, "round1": 0.0}, "15": {"seed": 15, "name": "American", "round6": 0.0, "round4": 0.0, "round5": 0.0, "round2": 0.0, "round3": 0.0, "round1": 0.0}, "16": {"seed": 16, "name": "Weber St.", "round6": 0.0, "round4": 0.0, "round5": 0.0, "round2": 0.0, "round3": 0.0, "round1": 0.0}}, "east": {"1": {"seed": 1, "name": "Virginia", "round6": 0.061039016065, "round4": 0.220159363566, "round5": 0.11874934958, "round2": 0.701171223188, "round3": 0.373694562555, "round1": 0.96389164071}, "2": {"seed": 2, "name": "Villanova", "round6": 0.046080470467, "round4": 0.2144681714, "round5": 0.10175834161, "round2": 0.648972417022, "round3": 0.41966444069, "round1": 1.0}, "3": {"seed": 3, "name": "Iowa St.", "round6": 0.01209385289, "round4": 0.074094202102, "round5": 0.030567662162, "round2": 0.439951100469, "round3": 0.184656694179, "round1": 0.812359445117}, "4": {"seed": 4, "name": "Michigan St.", "round6": 0.070727593487, "round4": 0.271080559768, "round5": 0.141870481732, "round2": 0.77232375945, "round3": 0.448557389928, "round1": 1.0}, "5": {"seed": 5, "name": "Cincinnati", "round6": 0.0, "round4": 0.0, "round5": 0.0, "round2": 0.0, "round3": 0.0, "round1": 0.0}, "6": {"seed": 6, "name": "North Carolina", "round6": 0.009682208687, "round4": 0.075798261626, "round5": 0.027656227743, "round2": 0.514189827266, "round3": 0.201917100793, "round1": 1.0}, "7": {"seed": 7, "name": "Connecticut", "round6": 0.009149547367, "round4": 0.073847890487, "round5": 0.026488080046, "round2": 0.351027582978, "round3": 0.185390722385, "round1": 1.0}, "8": {"seed": 8, "name": "Memphis", "round6": 0.004437019987, "round4": 0.037301058894, "round5": 0.013091326659, "round2": 0.293360424006, "round3": 0.095974113494, "round1": 1.0}, "9": {"seed": 9, "name": "George Wash.", "round6": 0.0, "round4": 0.0, "round5": 0.0, "round2": 0.0, "round3": 0.0, "round1": 0.0}, "10": {"seed": 10, "name": "St. Joseph's", "round6": 0.0, "round4": 0.0, "round5": 0.0, "round2": 0.0, "round3": 0.0, "round1": 0.0}, "11": {"seed": 11, "name": "Providence", "round6": 0.0, "round4": 0.0, "round5": 0.0, "round2": 0.0, "round3": 0.0, "round1": 0.0}, "12": {"seed": 12, "name": "Harvard", "round6": 0.002655611806, "round4": 0.031670659863, "round5": 0.009294547518, "round2": 0.22767624055, "round3": 0.08141826583, "round1": 1.0}, "13": {"seed": 13, "name": "Delaware", "round6": 0.0, "round4": 0.0, "round5": 0.0, "round2": 0.0, "round3": 0.0, "round1": 0.0}, "14": {"seed": 14, "name": "NC Central", "round6": 5.5755686e-05, "round4": 0.001545665667, "round5": 0.000292980002, "round2": 0.045859072265, "round3": 0.008371041952, "round1": 0.187640554883}, "15": {"seed": 15, "name": "Milwaukee", "round6": 0.0, "round4": 0.0, "round5": 0.0, "round2": 0.0, "round3": 0.0, "round1": 0.0}, "16": {"seed": 16, "name": "Coast. Car.", "round6": 2.45814e-07, "round4": 3.4166628e-05, "round5": 2.804363e-06, "round2": 0.005468352806, "round3": 0.000355668193, "round1": 0.03610835929}}, "midwest": {"1": {"seed": 1, "name": "Wichita St.", "round6": 0.058203249339, "round4": 0.161123863961, "round5": 0.097932383506, "round2": 0.621127661485, "round3": 0.262100569785, "round1": 1.0}, "2": {"seed": 2, "name": "Michigan", "round6": 0.035142503988, "round4": 0.176944870161, "round5": 0.079693015272, "round2": 0.78688598751, "round3": 0.46831455689, "round1": 1.0}, "3": {"seed": 3, "name": "Duke", "round6": 0.0, "round4": 0.0, "round5": 0.0, "round2": 0.0, "round3": 0.0, "round1": 0.0}, "4": {"seed": 4, "name": "Louisville", "round6": 0.144705450356, "round4": 0.389218498343, "round5": 0.240622946782, "round2": 0.822264881534, "round3": 0.536382250935, "round1": 1.0}, "5": {"seed": 5, "name": "Saint Louis", "round6": 0.003190007899, "round4": 0.024218046742, "round5": 0.008825163225, "round2": 0.177735118466, "round3": 0.057282457178, "round1": 1.0}, "6": {"seed": 6, "name": "UMass", "round6": 0.0, "round4": 0.0, "round5": 0.0, "round2": 0.0, "round3": 0.0, "round1": 0.0}, "7": {"seed": 7, "name": "Texas", "round6": 0.001559331469, "round4": 0.012222097332, "round5": 0.004376982889, "round2": 0.21311401249, "round3": 0.071766563406, "round1": 1.0}, "8": {"seed": 8, "name": "Kentucky", "round6": 0.020087215961, "round4": 0.080401919907, "round5": 0.040581859297, "round2": 0.319478159051, "round3": 0.132334006217, "round1": 0.739316299302}, "9": {"seed": 9, "name": "Kansas St.", "round6": 0.00057041142, "round4": 0.004378327636, "round5": 0.001580666379, "round2": 0.059394179463, "round3": 0.011900715885, "round1": 0.260683700698}, "10": {"seed": 10, "name": "Arizona St.", "round6": 0.0, "round4": 0.0, "round5": 0.0, "round2": 0.0, "round3": 0.0, "round1": 0.0}, "11": {"seed": 11, "name": "Tennessee", "round6": 0.029471811108, "round4": 0.146235010965, "round5": 0.065995472476, "round2": 0.810641139226, "round3": 0.417738967448, "round1": 1.0}, "12": {"seed": 12, "name": "NC State", "round6": 0.0, "round4": 0.0, "round5": 0.0, "round2": 0.0, "round3": 0.0, "round1": 0.0}, "13": {"seed": 13, "name": "Manhattan", "round6": 0.0, "round4": 0.0, "round5": 0.0, "round2": 0.0, "round3": 0.0, "round1": 0.0}, "14": {"seed": 14, "name": "Mercer", "round6": 0.000253379755, "round4": 0.005257364954, "round5": 0.001136428012, "round2": 0.189358860774, "round3": 0.042179912256, "round1": 1.0}, "15": {"seed": 15, "name": "Wofford", "round6": 0.0, "round4": 0.0, "round5": 0.0, "round2": 0.0, "round3": 0.0, "round1": 0.0}, "16": {"seed": 16, "name": "Cal Poly", "round6": 0.0, "round4": 0.0, "round5": 0.0, "round2": 0.0, "round3": 0.0, "round1": 0.0}}, "south": {"1": {"seed": 1, "name": "Florida", "round6": 0.11755503554, "round4": 0.365981878704, "round5": 0.218972827682, "round2": 0.762029802654, "round3": 0.578037662546, "round1": 1.0}, "2": {"seed": 2,