{"east": {"1": {"round6": 0.14879294, "round5": 0.25826192, "round2": 0.90607491, "round4": 0.43516519, "rating": 0.940687, "name": "North Carolina", "seed": 1, "round3": 0.60726261, "round1": 0.98468028}, "2": {"round6": 0.01802985, "round5": 0.04219462, "round2": 0.59532198, "round4": 0.0986606, "rating": 0.894647, "name": "Xavier", "seed": 2, "round3": 0.29417482, "round1": 0.94127341}, "3": {"round6": 0.03399102, "round5": 0.0744421, "round2": 0.63003359, "round4": 0.16169607, "rating": 0.923722, "name": "West Virginia", "seed": 3, "round3": 0.3985091, "round1": 0.84810393}, "4": {"round6": 0.04436353, "round5": 0.0849496, "round2": 0.61058029, "round4": 0.15916826, "rating": 0.920054, "name": "Kentucky", "seed": 4, "round3": 0.25196916, "round1": 0.92530662}, "5": {"round6": 0.01139278, "round5": 0.02574694, "round2": 0.35794705, "round4": 0.05790871, "rating": 0.895935, "name": "Indiana", "seed": 5, "round3": 0.10999712, "round1": 0.87683343}, "6": {"round6": 0.00337455, "round5": 0.00935948, "round2": 0.22387739, "round4": 0.02645079, "rating": 0.813109, "name": "Notre Dame", "seed": 6, "round3": 0.10096272, "round1": 0.65620848}, "7": {"round6": 0.00395152, "round5": 0.01060848, "round2": 0.27120281, "round4": 0.02890979, "rating": 0.839024, "name": "Wisconsin", "seed": 7, "round3": 0.10943365, "round1": 0.62883547}, "8": {"round6": 0.00016356, "round5": 0.00053989, "round2": 0.02758362, "round4": 0.00185248, "rating": 0.794435, "name": "USC", "seed": 8, "round3": 0.00618629, "round1": 0.37799129}, "9": {"round6": 0.00070638, "round5": 0.00239647, "round2": 0.0630388, "round4": 0.00847681, "rating": 0.799085, "name": "Providence", "seed": 9, "round3": 0.020679, "round1": 0.62200871}, "10": {"round6": 0.00110653, "round5": 0.00354271, "round2": 0.12546356, "round4": 0.01174962, "rating": 0.802469, "name": "Pittsburgh", "seed": 10, "round3": 0.04765302, "round1": 0.37116453}, "11": {"round6": 0.0002298, "round5": 0.00082972, "round2": 0.04683546, "round4": 0.00314476, "rating": 0.777726, "name": "Michigan", "seed": 11, "round3": 0.01622792, "round1": 0.18883321}, "12": {"round6": 1.531e-05, "round5": 7.221e-05, "round2": 0.01629048, "round4": 0.00036717, "rating": 0.657065, "name": "Chattanooga", "seed": 12, "round3": 0.00164411, "round1": 0.12316657}, "13": {"round6": 1.914e-05, "round5": 9.857e-05, "round2": 0.01518218, "round4": 0.00055139, "rating": 0.697138, "name": "Stony Brook", "seed": 13, "round3": 0.00198296, "round1": 0.07469338}, "14": {"round6": 0.0004551, "round5": 0.00126465, "round2": 0.06274396, "round4": 0.00358159, "rating": 0.834756, "name": "SF Austin", "seed": 14, "round3": 0.02012179, "round1": 0.15189607}, "15": {"round6": 8e-07, "round5": 6.01e-06, "round2": 0.00801166, "round4": 5.067e-05, "rating": 0.571757, "name": "Weber St.", "seed": 15, "round3": 0.00082059, "round1": 0.05872659}, "16": {"round6": 5.3e-07, "round5": 4.07e-06, "round2": 0.00330268, "round4": 3.482e-05, "rating": 0.498892, "name": "Florida Gulf Coast", "seed": 16, "round3": 0.00027874, "round1": 0.01531972}}, "midwest": {"1": {"round6": 0.0978437, "round5": 0.17226689, "round2": 0.80380925, "round4": 0.30355732, "rating": 0.948189, "name": "Virginia", "seed": 1, "round3": 0.51767831, "round1": 0.98257765}, "2": {"round6": 0.08904323, "round5": 0.17273695, "round2": 0.77629788, "round4": 0.33937835, "rating": 0.945019, "name": "Michigan St.", "seed": 2, "round3": 0.59476162, "round1": 0.9485191}, "3": {"round6": 0.00817369, "round5": 0.02032671, "round2": 0.4955672, "round4": 0.05296992, "rating": 0.854671, "name": "Utah", "seed": 3, "round3": 0.15469945, "round1": 0.87009917}, "4": {"round6": 0.01028974, "round5": 0.02509771, "round2": 0.40173385, "round4": 0.06397299, "rating": 0.891989, "name": "Iowa St.", "seed": 4, "round3": 0.14743067, "round1": 0.84070229}, "5": {"round6": 0.02672882, "round5": 0.05803585, "round2": 0.51862565, "round4": 0.12956658, "rating": 0.907842, "name": "Purdue", "seed": 5, "round3": 0.24470148, "round1": 0.8419116}, "6": {"round6": 0.00231786, "round5": 0.00630486, "round2": 0.1714058, "round4": 0.01819683, "rating": 0.867337, "name": "Seton Hall", "seed": 6, "round3": 0.05331916, "round1": 0.39818101}, "7": {"round6": 0.00139714, "round5": 0.00449251, "round2": 0.11287306, "round4": 0.01567429, "rating": 0.780893, "name": "Dayton", "seed": 7, "round3": 0.05315441, "round1": 0.52355784}, "8": {"round6": 0.00040228, "round5": 0.00119621, "round2": 0.04701794, "round4": 0.00382012, "rating": 0.809597, "name": "Texas Tech", "seed": 8, "round3": 0.01374853, "round1": 0.33060551}, "9": {"round6": 0.0030273, "round5": 0.00842268, "round2": 0.14723674, "round4": 0.02494155, "rating": 0.812995, "name": "Butler", "seed": 9, "round3": 0.06305958, "round1": 0.66939449}, "10": {"round6": 0.00112044, "round5": 0.00360073, "round2": 0.09734414, "round4": 0.01255474, "rating": 0.811142, "name": "Syracuse", "seed": 10, "round3": 0.04430409, "round1": 0.47644216}, "11": {"round6": 0.00453745, "round5": 0.01167278, "round2": 0.30534, "round4": 0.03161595, "rating": 0.860704, "name": "Gonzaga", "seed": 11, "round3": 0.09376385, "round1": 0.60181899}, "12": {"round6": 0.00013368, "round5": 0.00048267, "round2": 0.04770128, "round4": 0.00191855, "rating": 0.798066, "name": "Arkansas Little Rock", "seed": 12, "round3": 0.00826443, "round1": 0.1580884}, "13": {"round6": 4.686e-05, "round5": 0.00021038, "round2": 0.03193922, "round4": 0.00106553, "rating": 0.73033, "name": "Iona", "seed": 13, "round3": 0.0050085, "round1": 0.15929771}, "14": {"round6": 1.228e-05, "round5": 6.521e-05, "round2": 0.027687, "round4": 0.00039728, "rating": 0.659141, "name": "Fresno St.", "seed": 14, "round3": 0.00311017, "round1": 0.12990083}, "15": {"round6": 9.05e-06, "round5": 5.335e-05, "round2": 0.01348492, "round4": 0.00036377, "rating": 0.593512, "name": "Middle Tennessee", "seed": 15, "round3": 0.00288726, "round1": 0.0514809}, "16": {"round6": 2e-08, "round5": 3.5e-07, "round2": 0.00193607, "round4": 6.24e-06, "rating": 0.366998, "name": "Hampton", "seed": 16, "round3": 0.00010849, "round1": 0.01742235}}, "south": {"1": {"round6": 0.1897228, "round5": 0.31727347, "round2": 0.86031066, "round4": 0.44709471, "rating": 0.950304, "name": "Kansas", "seed": 1, "round3": 0.67910561, "round1": 0.99027066}, "2": {"round6": 0.06324541, "round5": 0.13071657, "round2": 0.76701243, "round4": 0.21967459, "rating": 0.935171, "name": "Villanova", "seed": 2, "round3": 0.46574837, "round1": 0.96293972}, "3": {"round6": 0.01029909, "round5": 0.02497861, "round2": 0.35429225, "round4": 0.04842663, "rating": 0.897127, "name": "Miami FL", "seed": 3, "round3": 0.13851633, "round1": 0.85764429}, "4": {"round6": 0.00709437, "round5": 0.01874992, "round2": 0.47614677, "round4": 0.03935962, "rating": 0.876452, "name": "California", "seed": 4, "round3": 0.1086855, "round1": 0.85542774}, "5": {"round6": 0.01270512, "round5": 0.03142577, "round2": 0.42966905, "round4": 0.06203517, "rating": 0.872416, "name": "Maryland", "seed": 5, "round3": 0.13410495, "round1": 0.79464229}, "6": {"round6": 0.01743753, "round5": 0.03547113, "round2": 0.30955889, "round4": 0.05879395, "rating": 0.892664, "name": "Arizona", "seed": 6, "round3": 0.14332392, "round1": 0.49548547}, "7": {"round6": 0.00610845, "round5": 0.01553231, "round2": 0.18532737, "round4": 0.03145337, "rating": 0.883264, "name": "Iowa", "seed": 7, "round3": 0.08754145, "round1": 0.72194021}, "8": {"round6": 0.00044478, "round5": 0.0015218, "round2": 0.03928262, "round4": 0.00409083, "rating": 0.778738, "name": "Colorado", "seed": 8, "round3": 0.01515909, "round1": 0.36337233}, "9": {"round6": 0.00323211, "round5": 0.00915822, "round2": 0.09951278, "round4": 0.02052818, "rating": 0.867739, "name": "Connecticut", "seed": 9, "round3": 0.0528118, "round1": 0.63662767}, "10": {"round6": 9.101e-05, "round5": 0.00043149, "round2": 0.04054921, "round4": 0.00160281, "rating": 0.702915, "name": "Temple", "seed": 10, "round3": 0.00916799,