{"west": {"1": {"rating": 0.961498, "name": "Wisconsin", "seed": 1, "round6": 0.0739916026504, "round4": 0.248979175661, "round5": 0.110501172303, "round2": 0.868972295068, "round3": 0.600127475272, "round1": 1.0}, "2": {"rating": 0.967408, "name": "Arizona", "seed": 2, "round6": 0.1424447204, "round4": 0.615022224656, "round5": 0.234235288459, "round2": 1.0, "round3": 0.889822143067, "round1": 1.0}, "3": {"rating": 0.903813, "name": "Baylor", "seed": 3, "round6": 0.0, "round4": 0.0, "round5": 0.0, "round2": 0.0, "round3": 0.0, "round1": 0.0}, "4": {"rating": 0.901882, "name": "North Carolina", "seed": 4, "round6": 0.0114847393212, "round4": 0.0737040183248, "round5": 0.0220579699247, "round2": 0.693802159261, "round3": 0.260481422057, "round1": 1.0}, "5": {"rating": 0.841594, "name": "Arkansas", "seed": 5, "round6": 0.00148095822629, "round4": 0.0179941421403, "round5": 0.00367867294767, "round2": 0.306197840739, "round3": 0.0860919531699, "round1": 1.0}, "6": {"rating": 0.851793, "name": "Xavier", "seed": 6, "round6": 0.00388410128796, "round4": 0.0320820101006, "round5": 0.00820685628989, "round2": 0.72556421095, "round3": 0.0981876152208, "round1": 1.0}, "7": {"rating": 0.839998, "name": "VCU", "seed": 7, "round6": 0.0, "round4": 0.0, "round5": 0.0, "round2": 0.0, "round3": 0.0, "round1": 0.0}, "8": {"rating": 0.797249, "name": "Oregon", "seed": 8, "round6": 0.000375961311012, "round4": 0.0103268771034, "round5": 0.00131079176894, "round2": 0.131027704932, "round3": 0.0532991495015, "round1": 1.0}, "9": {"rating": 0.814084, "name": "Oklahoma St.", "seed": 9, "round6": 0.0, "round4": 0.0, "round5": 0.0, "round2": 0.0, "round3": 0.0, "round1": 0.0}, "10": {"rating": 0.868025, "name": "Ohio St.", "seed": 10, "round6": 0.0, "round4": 0.0, "round5": 0.0, "round2": 0.0, "round3": 0.0, "round1": 1.0}, "11": {"rating": 0.799554, "name": "Mississippi", "seed": 11, "round6": 0.0, "round4": 0.0, "round5": 0.0, "round2": 0.0, "round3": 0.0, "round1": 0.0}, "12": {"rating": 0.661733, "name": "Wofford", "seed": 12, "round6": 0.0, "round4": 0.0, "round5": 0.0, "round2": 0.0, "round3": 0.0, "round1": 0.0}, "13": {"rating": 0.705859, "name": "Harvard", "seed": 13, "round6": 0.0, "round4": 0.0, "round5": 0.0, "round2": 0.0, "round3": 0.0, "round1": 0.0}, "14": {"rating": 0.734432, "name": "Georgia St.", "seed": 14, "round6": 5.23094425737e-05, "round4": 0.00189155201458, "round5": 0.000204636289497, "round2": 0.27443578905, "round3": 0.0119902417125, "round1": 1.0}, "15": {"rating": 0.411073, "name": "Texas Southern", "seed": 15, "round6": 0.0, "round4": 0.0, "round5": 0.0, "round2": 0.0, "round3": 0.0, "round1": 0.0}, "16": {"rating": 0.537123, "name": "Coast. Car.", "seed": 16, "round6": 0.0, "round4": 0.0, "round5": 0.0, "round2": 0.0, "round3": 0.0, "round1": 0.0}}, "east": {"1": {"rating": 0.957101, "name": "Villanova", "seed": 1, "round6": 0.0, "round4": 0.0, "round5": 0.0, "round2": 0.0, "round3": 0.0, "round1": 1.0}, "2": {"rating": 0.958719, "name": "Virginia", "seed": 2, "round6": 0.0909708617173, "round4": 0.382492874175, "round5": 0.233937712668, "round2": 0.720910059858, "round3": 0.517818343267, "round1": 1.0}, "3": {"rating": 0.915002, "name": "Oklahoma", "seed": 3, "round6": 0.0168013217747, "round4": 0.137140643718, "round5": 0.0635812814405, "round2": 0.624861600171, "round3": 0.229739044588, "round1": 1.0}, "4": {"rating": 0.875558, "name": "Louisville", "seed": 4, "round6": 0.00860262406798, "round4": 0.0857234381964, "round5": 0.0364675976821, "round2": 0.451679046834, "round3": 0.245001313361, "round1": 1.0}, "5": {"rating": 0.908038, "name": "Northern Iowa", "seed": 5, "round6": 0.0102741946504, "round4": 0.109562285756, "round5": 0.0451269613325, "round2": 0.548320953166, "round3": 0.303393298942, "round1": 1.0}, "6": {"rating": 0.845836, "name": "Providence", "seed": 6, "round6": 0.0, "round4": 0.0, "round5": 0.0, "round2": 0.0, "round3": 0.0, "round1": 0.0}, "7": {"rating": 0.878567, "name": "Michigan St.", "seed": 7, "round6": 0.0141793885566, "round4": 0.101762567373, "round5": 0.0497129601268, "round2": 0.279089940142, "round3": 0.164393147558, "round1": 1.0}, "8": {"rating": 0.811134, "name": "North Carolina St.", "seed": 8, "round6": 0.0083570737636, "round4": 0.143363894127, "round5": 0.0480184744152, "round2": 1.0, "round3": 0.451605387697, "round1": 1.0}, "9": {"rating": 0.800599, "name": "LSU", "seed": 9, "round6": 0.0, "round4": 0.0, "round5": 0.0, "round2": 0.0, "round3": 0.0, "round1": 0.0}, "10": {"rating": 0.817751, "name": "Georgia", "seed": 10, "round6": 0.0, "round4": 0.0, "round5": 0.0, "round2": 0.0, "round3": 0.0, "round1": 0.0}, "11": {"rating": 0.805731, "name": "Dayton", "seed": 11, "round6": 0.0027228574492, "round4": 0.0399542966557, "round5": 0.0142980569539, "round2": 0.375138399829, "round3": 0.0880494645874, "round1": 1.0}, "12": {"rating": 0.637277, "name": "Wyoming", "seed": 12, "round6": 0.0, "round4": 0.0, "round5": 0.0, "round2": 0.0, "round3": 0.0, "round1": 0.0}, "13": {"rating": 0.655936, "name": "UC Irvine", "seed": 13, "round6": 0.0, "round4": 0.0, "round5": 0.0, "round2": 0.0, "round3": 0.0, "round1": 0.0}, "14": {"rating": 0.568562, "name": "Albany", "seed": 14, "round6": 0.0, "round4": 0.0, "round5": 0.0, "round2": 0.0, "round3": 0.0, "round1": 0.0}, "15": {"rating": 0.536296, "name": "Belmont", "seed": 15, "round6": 0.0, "round4": 0.0, "round5": 0.0, "round2": 0.0, "round3": 0.0, "round1": 0.0}, "16": {"rating": 0.428496, "name": "Lafayette", "seed": 16, "round6": 0.0, "round4": 0.0, "round5": 0.0, "round2": 0.0, "round3": 0.0, "round1": 0.0}}, "midwest": {"1": {"rating": 0.978741, "name": "Kentucky", "seed": 1, "round6": 0.407278304408, "round4": 0.735539521545, "round5": 0.522079798441, "round2": 1.0, "round3": 0.883550915058, "round1": 1.0}, "2": {"rating": 0.911139, "name": "Kansas", "seed": 2, "round6": 0.0152116683817, "round4": 0.0712131934274, "round5": 0.0291741854267, "round2": 0.569568177733, "round3": 0.308001662831, "round1": 1.0}, "3": {"rating": 0.912696, "name": "Notre Dame", "seed": 3, "round6": 0.013751188314, "round4": 0.069742824449, "round5": 0.0273815729515, "round2": 0.597887173103, "round3": 0.31118427771, "round1": 1.0}, "4": {"rating": 0.828921, "name": "Maryland", "seed": 4, "round6": 0.00221855450667, "round4": 0.0210102148915, "round5": 0.00576648909357, "round2": 0.452693852512, "round3": 0.0477361028174, "round1": 1.0}, "5": {"rating": 0.85386, "name": "West Virginia", "seed": 5, "round6": 0.00408263452878, "round4": 0.0329131512775, "round5": 0.00989598476226, "round2": 0.547306147488, "round3": 0.0687129821241, "round1": 1.0}, "6": {"rating": 0.862402, "name": "Butler", "seed": 6, "round6": 0.00614709466159, "round4": 0.0310480427875, "round5": 0.012160648413, "round2": 0.402112826897, "round3": 0.176498391136, "round1": 1.0}, "7": {"rating": 0.904421, "name": "Wichita St.", "seed": 7, "round6": 0.00612291515566, "round4": 0.0385330516223, "round5": 0.013345932929, "round2": 0.430431822267, "round3": 0.204315668323, "round1": 1.0}, "8": {"rating": 0.824163, "name": "Cincinnati", "seed": 8, "round6": 0.0, "round4": 0.0, "round5": 0.0, "round2": 0.0, "round3": 0.0, "round1": 1.0}, "9": {"rating": 0.782485, "name": "Purdue", "seed": 9, "round6": 0.0, "round4": 0.0, "round5": 0.0, "round2": 0.0, "round3": 0.0, "round1": 0.0}, "10": {"rating": 0.776209, "name": "Indiana", "seed": 10, "round6": 0.0, "round4": 0.0, "round5": 0.0, "round2": 0.0, "round3": 0.0, "round1": 0.0}, "11": {"rating": 0.872452, "name": "Texas", "seed": 11, "round6": 0.0, "round4": 0.0, "round5": 0.0, "round2": 0.0, "round3": 0.0, "round1": 0.0}, "12": {"rating": 0.775923, "name": "Buffalo", "seed": 12, "round6": 0.0, "round4": 0.0, "round5": 0.0, "round2": 0.0, "round3": 0.0, "round1": 0.0}, "13": {"rating": 0.74991, "name": "Valparaiso", "seed": 13, "round6": 0.0, "round4": 0.0, "round5": 0.0, "round2": 0.0, "round3": 0.0, "round1": 0.0}, "14": {"rating": 0.597988, "name": "Northeastern",