{"west": {"1": {"rating": 0.961498, "name": "Wisconsin", "seed": 1, "round6": 0.0773510682611, "round4": 0.288936552038, "round5": 0.12962525072, "round2": 0.868972295068, "round3": 0.600127475272, "round1": 1.0}, "2": {"rating": 0.967408, "name": "Arizona", "seed": 2, "round6": 0.100600825277, "round4": 0.493788302913, "round5": 0.189902080263, "round2": 0.813208807054, "round3": 0.720894254079, "round1": 1.0}, "3": {"rating": 0.903813, "name": "Baylor", "seed": 3, "round6": 0.0, "round4": 0.0, "round5": 0.0, "round2": 0.0, "round3": 0.0, "round1": 0.0}, "4": {"rating": 0.901882, "name": "North Carolina", "seed": 4, "round6": 0.0122440579766, "round4": 0.0906964763409, "round5": 0.0276754185401, "round2": 0.693802159261, "round3": 0.260481422057, "round1": 1.0}, "5": {"rating": 0.841594, "name": "Arkansas", "seed": 5, "round6": 0.0015997072852, "round4": 0.023151243111, "round5": 0.00487204796334, "round2": 0.306197840739, "round3": 0.0860919531699, "round1": 1.0}, "6": {"rating": 0.851793, "name": "Xavier", "seed": 6, "round6": 0.00453753007743, "round4": 0.0446446700447, "round5": 0.0115686474568, "round2": 0.72556421095, "round3": 0.140279089907, "round1": 1.0}, "7": {"rating": 0.839998, "name": "VCU", "seed": 7, "round6": 0.0, "round4": 0.0, "round5": 0.0, "round2": 0.0, "round3": 0.0, "round1": 0.0}, "8": {"rating": 0.797249, "name": "Oregon", "seed": 8, "round6": 0.00039764088477, "round4": 0.0134318215898, "round5": 0.00177873161991, "round2": 0.131027704932, "round3": 0.0532991495015, "round1": 1.0}, "9": {"rating": 0.814084, "name": "Oklahoma St.", "seed": 9, "round6": 0.0, "round4": 0.0, "round5": 0.0, "round2": 0.0, "round3": 0.0, "round1": 0.0}, "10": {"rating": 0.868025, "name": "Ohio St.", "seed": 10, "round6": 0.00502045221657, "round4": 0.0421593233656, "round5": 0.0119625977926, "round2": 0.186791192946, "round3": 0.117653002227, "round1": 1.0}, "11": {"rating": 0.799554, "name": "Mississippi", "seed": 11, "round6": 0.0, "round4": 0.0, "round5": 0.0, "round2": 0.0, "round3": 0.0, "round1": 0.0}, "12": {"rating": 0.661733, "name": "Wofford", "seed": 12, "round6": 0.0, "round4": 0.0, "round5": 0.0, "round2": 0.0, "round3": 0.0, "round1": 0.0}, "13": {"rating": 0.705859, "name": "Harvard", "seed": 13, "round6": 0.0, "round4": 0.0, "round5": 0.0, "round2": 0.0, "round3": 0.0, "round1": 0.0}, "14": {"rating": 0.734432, "name": "Georgia St.", "seed": 14, "round6": 6.81672605405e-05, "round4": 0.00319161059767, "round5": 0.00035400417544, "round2": 0.27443578905, "round3": 0.0211736537874, "round1": 1.0}, "15": {"rating": 0.411073, "name": "Texas Southern", "seed": 15, "round6": 0.0, "round4": 0.0, "round5": 0.0, "round2": 0.0, "round3": 0.0, "round1": 0.0}, "16": {"rating": 0.537123, "name": "Coast. Car.", "seed": 16, "round6": 0.0, "round4": 0.0, "round5": 0.0, "round2": 0.0, "round3": 0.0, "round1": 0.0}}, "east": {"1": {"rating": 0.957101, "name": "Villanova", "seed": 1, "round6": 0.163199276372, "round4": 0.526377993631, "round5": 0.354412971701, "round2": 0.871761048316, "round3": 0.734535783377, "round1": 1.0}, "2": {"rating": 0.958719, "name": "Virginia", "seed": 2, "round6": 0.0584782083543, "round4": 0.23285055028, "round5": 0.144259668293, "round2": 0.720910059858, "round3": 0.517818343267, "round1": 1.0}, "3": {"rating": 0.915002, "name": "Oklahoma", "seed": 3, "round6": 0.00951526332958, "round4": 0.0720425281968, "round5": 0.0339841054176, "round2": 0.624861600171, "round3": 0.229739044588, "round1": 1.0}, "4": {"rating": 0.875558, "name": "Louisville", "seed": 4, "round6": 0.00370182682376, "round4": 0.0332690422526, "round5": 0.0145536227812, "round2": 0.451679046834, "round3": 0.0913719504261, "round1": 1.0}, "5": {"rating": 0.908038, "name": "Northern Iowa", "seed": 5, "round6": 0.00450310503239, "round4": 0.043151703388, "round5": 0.0182988913657, "round2": 0.548320953166, "round3": 0.114849264355, "round1": 1.0}, "6": {"rating": 0.845836, "name": "Providence", "seed": 6, "round6": 0.0, "round4": 0.0, "round5": 0.0, "round2": 0.0, "round3": 0.0, "round1": 0.0}, "7": {"rating": 0.878567, "name": "Michigan St.", "seed": 7, "round6": 0.00818561656008, "round4": 0.0546316973197, "round5": 0.0271491983207, "round2": 0.279089940142, "round3": 0.164393147558, "round1": 1.0}, "8": {"rating": 0.811134, "name": "North Carolina St.", "seed": 8, "round6": 0.00123412636835, "round4": 0.0193454574366, "round5": 0.00660284962897, "round2": 0.128238951684, "round3": 0.0592430018416, "round1": 1.0}, "9": {"rating": 0.800599, "name": "LSU", "seed": 9, "round6": 0.0, "round4": 0.0, "round5": 0.0, "round2": 0.0, "round3": 0.0, "round1": 0.0}, "10": {"rating": 0.817751, "name": "Georgia", "seed": 10, "round6": 0.0, "round4": 0.0, "round5": 0.0, "round2": 0.0, "round3": 0.0, "round1": 0.0}, "11": {"rating": 0.805731, "name": "Dayton", "seed": 11, "round6": 0.00136356148168, "round4": 0.0183310274953, "round5": 0.00668455375833, "round2": 0.375138399829, "round3": 0.0880494645874, "round1": 1.0}, "12": {"rating": 0.637277, "name": "Wyoming", "seed": 12, "round6": 0.0, "round4": 0.0, "round5": 0.0, "round2": 0.0, "round3": 0.0, "round1": 0.0}, "13": {"rating": 0.655936, "name": "UC Irvine", "seed": 13, "round6": 0.0, "round4": 0.0, "round5": 0.0, "round2": 0.0, "round3": 0.0, "round1": 0.0}, "14": {"rating": 0.568562, "name": "Albany", "seed": 14, "round6": 0.0, "round4": 0.0, "round5": 0.0, "round2": 0.0, "round3": 0.0, "round1": 0.0}, "15": {"rating": 0.536296, "name": "Belmont", "seed": 15, "round6": 0.0, "round4": 0.0, "round5": 0.0, "round2": 0.0, "round3": 0.0, "round1": 0.0}, "16": {"rating": 0.428496, "name": "Lafayette", "seed": 16, "round6": 0.0, "round4": 0.0, "round5": 0.0, "round2": 0.0, "round3": 0.0, "round1": 0.0}}, "midwest": {"1": {"rating": 0.978741, "name": "Kentucky", "seed": 1, "round6": 0.372149640525, "round4": 0.697152989988, "round5": 0.508648272597, "round2": 0.935452437564, "round3": 0.831133016283, "round1": 1.0}, "2": {"rating": 0.911139, "name": "Kansas", "seed": 2, "round6": 0.0143934939876, "round4": 0.0766237060627, "round5": 0.0322761410854, "round2": 0.569568177733, "round3": 0.308001662831, "round1": 1.0}, "3": {"rating": 0.912696, "name": "Notre Dame", "seed": 3, "round6": 0.0129796264479, "round4": 0.0752021680611, "round5": 0.0303948170838, "round2": 0.597887173103, "round3": 0.31118427771, "round1": 1.0}, "4": {"rating": 0.828921, "name": "Maryland", "seed": 4, "round6": 0.00217358505625, "round4": 0.0249751120187, "round5": 0.00701208689026, "round2": 0.452693852512, "round3": 0.0579257708555, "round1": 1.0}, "5": {"rating": 0.85386, "name": "West Virginia", "seed": 5, "round6": 0.00396885333876, "round4": 0.0383368014999, "round5": 0.0117953183117, "round2": 0.547306147488, "round3": 0.0814569545224, "round1": 1.0}, "6": {"rating": 0.862402, "name": "Butler", "seed": 6, "round6": 0.0058969115999, "round4": 0.0340536495852, "round5": 0.0137190009059, "round2": 0.402112826897, "round3": 0.176498391136, "round1": 1.0}, "7": {"rating": 0.904421, "name": "Wichita St.", "seed": 7, "round6": 0.00578086825909, "round4": 0.0420538461256, "round5": 0.0150352404066, "round2": 0.430431822267, "round3": 0.204315668323, "round1": 1.0}, "8": {"rating": 0.824163, "name": "Cincinnati", "seed": 8, "round6": 0.00108768075302, "round4": 0.0116017266588, "round5": 0.00338034418799, "round2": 0.0645475624357, "round3": 0.0294842583387, "round1": 1.0}, "9": {"rating": 0.782485, "name": "Purdue", "seed": 9, "round6": 0.0, "round4": 0.0, "round5": 0.0, "round2": 0.0, "round3": 0.0, "round1": 0.0}, "10": {"rating": 0.776209, "name": "Indiana", "seed": 10, "round6": 0.0, "round4": 0.0, "round5": 0.0, "round2": 0.0, "round3": 0.0, "round1": 0.0}, "11": {"rating": 0.872452, "name": "Texas", "seed": 11, "round6": 0.0, "round4": 0.0, "round5": 0.0, "round2": 0.0, "round3": 0.0, "round1": 0.0}, "12": {"rating": 0.775923, "name": "Buffalo", "seed": 12, "round6": 0.0, "round4": 0.0, "round5": 0.0, "round2": 0.0, "round3": 0.0,