{"west": {"1": {"seed": 1, "name": "Arizona", "round6": 0.134209293, "round4": 0.402948164, "round5": 0.228326234, "round2": 0.726876539, "round3": 0.583578089, "round1": 0.97769524}, "2": {"seed": 2, "name": "Wisconsin", "round6": 0.059314855, "round4": 0.21633943, "round5": 0.110265808, "round2": 0.771997411, "round3": 0.476717052, "round1": 1.0}, "3": {"seed": 3, "name": "Creighton", "round6": 0.024106722, "round4": 0.104873439, "round5": 0.048887894, "round2": 0.5434339, "round3": 0.254867322, "round1": 0.882866484}, "4": {"seed": 4, "name": "San Diego St.", "round6": 0.008159719, "round4": 0.092691875, "round5": 0.026178871, "round2": 0.645844327, "round3": 0.201049405, "round1": 1.0}, "5": {"seed": 5, "name": "Oklahoma", "round6": 0.0, "round4": 0.0, "round5": 0.0, "round2": 0.0, "round3": 0.0, "round1": 0.0}, "6": {"seed": 6, "name": "Baylor", "round6": 0.00715448, "round4": 0.036546718, "round5": 0.015636887, "round2": 0.338376138, "round3": 0.11820305, "round1": 0.703236757}, "7": {"seed": 7, "name": "Oregon", "round6": 0.006665329, "round4": 0.048039035, "round5": 0.017123119, "round2": 0.228002589, "round3": 0.124225225, "round1": 1.0}, "8": {"seed": 8, "name": "Gonzaga", "round6": 0.005616484, "round4": 0.037301789, "round5": 0.013905879, "round2": 0.12619104, "round3": 0.077718559, "round1": 0.479870069}, "9": {"seed": 9, "name": "Oklahoma St.", "round6": 0.011077016, "round4": 0.044278498, "round5": 0.021537985, "round2": 0.144276088, "round3": 0.090314441, "round1": 0.520129931}, "10": {"seed": 10, "name": "BYU", "round6": 0.0, "round4": 0.0, "round5": 0.0, "round2": 0.0, "round3": 0.0, "round1": 0.0}, "11": {"seed": 11, "name": "Nebraska", "round6": 0.000452536, "round4": 0.005227074, "round5": 0.00145298, "round2": 0.091738274, "round3": 0.022987509, "round1": 0.296763243}, "12": {"seed": 12, "name": "ND State", "round6": 0.000592097, "round4": 0.011338437, "round5": 0.002417901, "round2": 0.354155673, "round3": 0.046754118, "round1": 1.0}, "13": {"seed": 13, "name": "NM State", "round6": 0.0, "round4": 0.0, "round5": 0.0, "round2": 0.0, "round3": 0.0, "round1": 0.0}, "14": {"seed": 14, "name": "Louisiana Laf.", "round6": 1.12759e-05, "round4": 0.000334912, "round5": 5.64296e-05, "round2": 0.026451688, "round3": 0.002999843, "round1": 0.117133516}, "15": {"seed": 15, "name": "American", "round6": 0.0, "round4": 0.0, "round5": 0.0, "round2": 0.0, "round3": 0.0, "round1": 0.0}, "16": {"seed": 16, "name": "Weber St.", "round6": 1.01918e-06, "round4": 8.06293e-05, "round5": 8.10084e-06, "round2": 0.002656332, "round3": 0.000585388, "round1": 0.02230476}}, "east": {"1": {"seed": 1, "name": "Virginia", "round6": 0.060218437, "round4": 0.221756867, "round5": 0.119342963, "round2": 0.707824942, "round3": 0.37659774, "round1": 0.963891641}, "2": {"seed": 2, "name": "Villanova", "round6": 0.045391454, "round4": 0.216107932, "round5": 0.102299742, "round2": 0.648972417, "round3": 0.423373699, "round1": 1.0}, "3": {"seed": 3, "name": "Iowa St.", "round6": 0.012123506, "round4": 0.077080538, "round5": 0.031530073, "round2": 0.46469779, "round3": 0.193473495, "round1": 0.812359445}, "4": {"seed": 4, "name": "Michigan St.", "round6": 0.069736121, "round4": 0.272466734, "round5": 0.142413537, "round2": 0.772323759, "round3": 0.450698623, "round1": 1.0}, "5": {"seed": 5, "name": "Cincinnati", "round6": 0.0, "round4": 0.0, "round5": 0.0, "round2": 0.0, "round3": 0.0, "round1": 0.0}, "6": {"seed": 6, "name": "North Carolina", "round6": 0.008293605, "round4": 0.059195265, "round5": 0.022830513, "round2": 0.35993489, "round3": 0.149117427, "round1": 0.672028134}, "7": {"seed": 7, "name": "Connecticut", "round6": 0.008991694, "round4": 0.074670714, "round5": 0.026686666, "round2": 0.351027583, "round3": 0.187781066, "round1": 1.0}, "8": {"seed": 8, "name": "Memphis", "round6": 0.002778046, "round4": 0.022510616, "round5": 0.008128871, "round2": 0.166598237, "round3": 0.056198613, "round1": 0.550041201}, "9": {"seed": 9, "name": "George Wash.", "round6": 0.000845207, "round4": 0.011678839, "round5": 0.003213932, "round2": 0.119907151, "round3": 0.033900359, "round1": 0.449958799}, "10": {"seed": 10, "name": "St. Joseph's", "round6": 0.0, "round4": 0.0, "round5": 0.0, "round2": 0.0, "round3": 0.0, "round1": 0.0}, "11": {"seed": 11, "name": "Providence", "round6": 0.000706786, "round4": 0.010804827, "round5": 0.002823631, "round2": 0.123874793, "round3": 0.037014526, "round1": 0.327971866}, "12": {"seed": 12, "name": "Harvard", "round6": 0.002604668, "round4": 0.032010243, "round5": 0.009361219, "round2": 0.227676241, "round3": 0.082238383, "round1": 1.0}, "13": {"seed": 13, "name": "Delaware", "round6": 0.0, "round4": 0.0, "round5": 0.0, "round2": 0.0, "round3": 0.0, "round1": 0.0}, "14": {"seed": 14, "name": "NC Central", "round6": 5.69866e-05, "round4": 0.001682182, "round5": 0.000313026, "round2": 0.051492527, "round3": 0.009239787, "round1": 0.187640555}, "15": {"seed": 15, "name": "Milwaukee", "round6": 0.0, "round4": 0.0, "round5": 0.0, "round2": 0.0, "round3": 0.0, "round1": 0.0}, "16": {"seed": 16, "name": "Coast. Car.", "round6": 2.40651e-07, "round4": 3.52426e-05, "round5": 2.85817e-06, "round2": 0.00566967, "round3": 0.000366283, "round1": 0.036108359}}, "midwest": {"1": {"seed": 1, "name": "Wichita St.", "round6": 0.049657319, "round4": 0.150131042, "round5": 0.085829016, "round2": 0.591415205, "round3": 0.240833362, "round1": 0.975453921}, "2": {"seed": 2, "name": "Michigan", "round6": 0.037376154, "round4": 0.198847513, "round5": 0.085147188, "round2": 0.786885988, "round3": 0.524214611, "round1": 1.0}, "3": {"seed": 3, "name": "Duke", "round6": 0.0, "round4": 0.0, "round5": 0.0, "round2": 0.0, "round3": 0.0, "round1": 0.0}, "4": {"seed": 4, "name": "Louisville", "round6": 0.146085247, "round4": 0.406542811, "round5": 0.242967736, "round2": 0.822264882, "round3": 0.545973999, "round1": 1.0}, "5": {"seed": 5, "name": "Saint Louis", "round6": 0.003318531, "round4": 0.026674127, "round5": 0.009201886, "round2": 0.177735118, "round3": 0.059424656, "round1": 1.0}, "6": {"seed": 6, "name": "UMass", "round6": 0.000707681, "round4": 0.010373977, "round5": 0.002618551, "round2": 0.18519979, "round3": 0.056603395, "round1": 0.294573469}, "7": {"seed": 7, "name": "Texas", "round6": 0.001784754, "round4": 0.014958821, "round5": 0.005044944, "round2": 0.213114012, "round3": 0.087297919, "round1": 1.0}, "8": {"seed": 8, "name": "Kentucky", "round6": 0.021061574, "round4": 0.088492535, "round5": 0.042690446, "round2": 0.34026022, "round3": 0.140502803, "round1": 0.739316299}, "9": {"seed": 9, "name": "Kansas St.", "round6": 0.000625093, "round4": 0.005161806, "round5": 0.001749794, "round2": 0.066558357, "round3": 0.01319807, "round1": 0.260683701}, "10": {"seed": 10, "name": "Arizona St.", "round6": 0.0, "round4": 0.0, "round5": 0.0, "round2": 0.0, "round3": 0.0, "round1": 0.0}, "11": {"seed": 11, "name": "Tennessee", "round6": 0.015919644, "round4": 0.091828799, "round5": 0.037557119, "round2": 0.560253893, "round3": 0.275995112, "round1": 0.705426531}, "12": {"seed": 12, "name": "NC State", "round6": 0.0, "round4": 0.0, "round5": 0.0, "round2": 0.0, "round3": 0.0, "round1": 0.0}, "13": {"seed": 13, "name": "Manhattan", "round6": 0.0, "round4": 0.0, "round5": 0.0, "round2": 0.0, "round3": 0.0, "round1": 0.0}, "14": {"seed": 14, "name": "Mercer", "round6": 0.000306629, "round4": 0.006980564, "round5": 0.001394355, "round2": 0.254546317, "round3": 0.055888963, "round1": 1.0}, "15": {"seed": 15, "name": "Wofford", "round6": 0.0, "round4": 0.0, "round5": 0.0, "round2": 0.0, "round3": 0.0, "round1": 0.0}, "16": {"seed": 16, "name": "Cal Poly", "round6": 1.12357e-07, "round4": 8.00641e-06, "round5": 8.76598e-07, "round2": 0.001766219, "round3": 6.71098e-05, "round1": 0.024546079}}, "south": {"1": {"seed": 1, "name": "Florida", "round6": 0.111018222, "round4": 0.349041039, "round5": 0.209463648, "round2": 0.762029803, "round3": 0.549531138, "round1": 1.0},